{
	"dialogue": [
		{
			"speed": 0.075,
			"portrait": "axys",
			"boxState": "normal",
			"expression": "excited",
			"text": "???"
		},
		{
			"speed": 0.05,
			"portrait": "bf",
			"boxState": "normal",
			"expression": "talk",
			"text": "beep"
		},
		{
			"speed": 0.075,
			"portrait": "axys",
			"boxState": "normal",
			"expression": "talk",
			"text": "who the hell are you?"
		},
		{
			"speed": 0.05,
			"portrait": "bf",
			"boxState": "normal",
			"expression": "pissed",
			"text": "bap pob boop"
		},
		{
			"speed": 0.075,
			"portrait": "axys",
			"boxState": "normal",
			"expression": "shocked",
			"text": "is that your real name?"
		},
		{
			"speed": 0.075,
			"portrait": "axys",
			"boxState": "normal",
			"expression": "shocked",
			"text": "Boyfriend?"
		},
		{
			"speed": 0.05,
			"portrait": "bf",
			"boxState": "normal",
			"expression": "excited",
			"text": "bep"
		},
		{
			"speed": 0.05,
			"portrait": "bf",
			"boxState": "normal",
			"expression": "pissed",
			"text": "bap poop bep baap skeed sheo pab?"
		},
		{
			"speed": 0.075,
			"portrait": "axys",
			"boxState": "normal",
			"expression": "talk",
			"text": "rap battle?"
		},
		{
			"speed": 0.075,
			"portrait": "axys",
			"boxState": "normal",
			"expression": "shocked",
			"text": "i guess i could try. but i don't have any songs"
		},
		{
			"speed": 0.05,
			"portrait": "bf",
			"boxState": "normal",
			"expression": "talk",
			"text": "beep skeed chap pob"
		},
		{
			"speed": 0.075,
			"portrait": "axys",
			"boxState": "normal",
			"expression": "talk",
			"text": "you can put a song instead?"
		},
		{
			"speed": 0.05,
			"portrait": "bf",
			"boxState": "normal",
			"expression": "excited",
			"text": "bep"
		},
		{
			"speed": 0.05,
			"portrait": "axys",
			"boxState": "normal",
			"expression": "shocked",
			"text": "ok."
		}
	]
}