{
	"song": {
		"player1": "bf",
		"notes": [
			{
				"sectionNotes": [],
				"lengthInSteps": 16,
				"mustHitSection": false
			},
			{
				"sectionNotes": [],
				"lengthInSteps": 16,
				"mustHitSection": false
			},
			{
				"sectionNotes": [
					[
						2897.72727272727,
						2,
						90.9090909090909
					],
					[
						2982.95454545455,
						3,
						136.363636363636
					],
					[
						3750,
						0,
						0
					],
					[
						3409.09090909091,
						1,
						227.272727272727
					],
					[
						2727.27272727273,
						-1,
						"Hey!",
						"GF",
						""
					]
				],
				"lengthInSteps": 16,
				"mustHitSection": false
			},
			{
				"sectionNotes": [
					[
						4346.59090909091,
						3,
						136.363636363636
					],
					[
						4517.04545454545,
						1,
						181.818181818182
					],
					[
						4857.95454545455,
						0,
						90.9090909090909
					],
					[
						5113.63636363636,
						0,
						0
					]
				],
				"lengthInSteps": 16,
				"mustHitSection": false
			},
			{
				"sectionNotes": [
					[
						5625,
						2,
						90.9090909090909
					],
					[
						5795.45454545455,
						3,
						227.272727272727
					],
					[
						6136.36363636364,
						1,
						90.9090909090909
					],
					[
						6221.59090909091,
						0,
						318.181818181818
					],
					[
						6562.5,
						3,
						0
					]
				],
				"lengthInSteps": 16,
				"mustHitSection": false
			},
			{
				"sectionNotes": [
					[
						7585.22727272727,
						2,
						0
					],
					[
						7840.90909090909,
						-1,
						"Add Camera Zoom",
						"",
						""
					],
					[
						7840.90909090909,
						3,
						0
					],
					[
						8011.36363636364,
						3,
						0
					],
					[
						6818.18181818182,
						2,
						213.068181818182
					],
					[
						7159.09090909091,
						0,
						0
					]
				],
				"lengthInSteps": 16,
				"mustHitSection": false
			},
			{
				"sectionNotes": [
					[
						8352.27272727273,
						2,
						85.2272727272727
					],
					[
						8522.72727272727,
						3,
						0
					],
					[
						8863.63636363636,
						0,
						0
					],
					[
						9204.54545454546,
						1,
						255.681818181818
					],
					[
						8181.81818181818,
						-1,
						"Add Camera Zoom",
						"0.2",
						"0.05"
					]
				],
				"lengthInSteps": 16,
				"mustHitSection": true
			},
			{
				"sectionNotes": [
					[
						10312.5,
						2,
						255.681818181818
					],
					[
						10653.4090909091,
						3,
						0
					],
					[
						9801.13636363636,
						3,
						213.068181818182
					]
				],
				"lengthInSteps": 16,
				"mustHitSection": true
			},
			{
				"sectionNotes": [
					[
						11164.7727272727,
						1,
						85.2272727272727
					],
					[
						11335.2272727273,
						0,
						0
					],
					[
						11676.1363636364,
						2,
						170.454545454545
					],
					[
						12017.0454545455,
						1,
						170.454545454545
					]
				],
				"lengthInSteps": 16,
				"mustHitSection": true
			},
			{
				"sectionNotes": [
					[
						12357.9545454545,
						0,
						0
					],
					[
						12698.8636363636,
						1,
						0
					],
					[
						13039.7727272727,
						2,
						255.681818181818
					],
					[
						12357.9545454545,
						-1,
						"Add Camera Zoom",
						"0.1",
						"0.05"
					],
					[
						12698.8636363636,
						-1,
						"Add Camera Zoom",
						"0.1",
						"0.05"
					],
					[
						13039.7727272727,
						-1,
						"Add Camera Zoom",
						"0.1",
						"0.05"
					],
					[
						13380.6818181818,
						-1,
						"Add Camera Zoom",
						"0.2",
						"0.05"
					],
					[
						13380.6818181818,
						0,
						170.454545454545
					]
				],
				"lengthInSteps": 16,
				"mustHitSection": true
			},
			{
				"sectionNotes": [
					[
						13892.0454545455,
						1,
						0
					],
					[
						14232.9545454545,
						0,
						85.2272727272727
					],
					[
						14277.6988636364,
						1,
						85.2272727272727
					],
					[
						14318.1818181818,
						2,
						85.2272727272727
					],
					[
						14767.7556818182,
						1,
						0
					],
					[
						14914.7727272727,
						3,
						298.295454545455
					],
					[
						13721.5909090909,
						-1,
						"Hey!",
						"GF",
						""
					]
				],
				"lengthInSteps": 16,
				"mustHitSection": false
			},
			{
				"sectionNotes": [
					[
						15681.8181818182,
						1,
						42.6136363636364
					],
					[
						15767.0454545455,
						3,
						170.454545454545
					],
					[
						16278.4090909091,
						2,
						213.068181818182
					],
					[
						15340.9090909091,
						0,
						213.068181818182
					],
					[
						16107.9545454545,
						0,
						0
					]
				],
				"lengthInSteps": 16,
				"mustHitSection": false
			},
			{
				"sectionNotes": [
					[
						17642.0454545455,
						0,
						0
					],
					[
						17471.5909090909,
						3,
						0
					],
					[
						17301.1363636364,
						2,
						0
					],
					[
						17130.6818181818,
						2,
						0
					],
					[
						16960.2272727273,
						1,
						0
					],
					[
						16619.3181818182,
						0,
						0
					],
					[
						16789.7727272727,
						3,
						0
					]
				],
				"lengthInSteps": 16,
				"mustHitSection": false
			},
			{
				"sectionNotes": [
					[
						18462.3579545455,
						1,
						213.068181818182
					],
					[
						19005.6818181818,
						0,
						0
					],
					[
						18835.2272727273,
						3,
						0
					],
					[
						18153.4090909091,
						3,
						0
					],
					[
						17812.5,
						2,
						0
					],
					[
						17982.9545454545,
						2,
						0
					]
				],
				"lengthInSteps": 16,
				"mustHitSection": false
			},
			{
				"sectionNotes": [
					[
						19517.0454545455,
						0,
						0
					],
					[
						19346.5909090909,
						2,
						85.2272727272727
					],
					[
						19857.9545454545,
						1,
						0
					],
					[
						20198.8636363636,
						3,
						0
					],
					[
						20369.3181818182,
						1,
						0
					],
					[
						19176.1363636364,
						-1,
						"Add Camera Zoom",
						"0.2",
						"0.05"
					]
				],
				"lengthInSteps": 16,
				"mustHitSection": true
			},
			{
				"sectionNotes": [
					[
						20710.2272727273,
						3,
						0
					],
					[
						20880.6818181818,
						0,
						0
					],
					[
						21221.5909090909,
						2,
						0
					],
					[
						21562.5,
						1,
						0
					],
					[
						21732.9545454545,
						3,
						127.840909090909
					]
				],
				"lengthInSteps": 16,
				"mustHitSection": true
			},
			{
				"sectionNotes": [
					[
						22073.8636363636,
						2,
						0
					],
					[
						22585.2272727273,
						3,
						0
					],
					[
						22755.6818181818,
						1,
						0
					],
					[
						22926.1363636364,
						1,
						0
					],
					[
						22244.3181818182,
						0,
						0
					],
					[
						23096.5909090909,
						2,
						213.068181818182
					]
				],
				"lengthInSteps": 16,
				"mustHitSection": true
			},
			{
				"sectionNotes": [
					[
						23522.7272727273,
						3,
						0
					],
					[
						23693.1818181818,
						1,
						0
					],
					[
						24034.0909090909,
						2,
						0
					],
					[
						24289.7727272727,
						0,
						0
					]
				],
				"lengthInSteps": 16,
				"mustHitSection": true
			},
			{
				"sectionNotes": [
					[
						24545.4545454545,
						5,
						0
					],
					[
						24715.9090909091,
						2,
						0
					],
					[
						24886.3636363636,
						2,
						0
					],
					[
						25056.8181818182,
						3,
						127.840909090909
					],
					[
						25312.5,
						1,
						0
					],
					[
						25348.7215909091,
						0,
						0
					],
					[
						25738.6363636364,
						1,
						0
					],
					[
						24715.9090909091,
						-1,
						"Hey!",
						"GF",
						""
					]
				],
				"lengthInSteps": 16,
				"mustHitSection": false
			},
			{
				"sectionNotes": [
					[
						25909.0909090909,
						2,
						213.068181818182
					],
					[
						26335.2272727273,
						0,
						0
					],
					[
						26567.4715909091,
						1,
						0
					],
					[
						26590.9090909091,
						2,
						213.068181818182
					],
					[
						27102.2727272727,
						0,
						0
					]
				],
				"lengthInSteps": 16,
				"mustHitSection": false
			},
			{
				"sectionNotes": [
					[
						27272.7272727273,
						2,
						127.840909090909
					],
					[
						27528.4090909091,
						3,
						0
					],
					[
						27698.8636363636,
						1,
						0
					],
					[
						28125,
						3,
						0
					],
					[
						28465.9090909091,
						3,
						0
					],
					[
						27954.5454545455,
						0,
						0
					]
				],
				"lengthInSteps": 16,
				"mustHitSection": false
			},
			{
				"sectionNotes": [
					[
						28636.3636363636,
						1,
						0
					],
					[
						28892.0454545455,
						2,
						0
					],
					[
						29062.5,
						3,
						0
					],
					[
						29232.9545454545,
						0,
						0
					],
					[
						29488.6363636364,
						1,
						0
					],
					[
						29526.9886363636,
						2,
						170.454545454545
					],
					[
						29829.5454545455,
						3,
						0
					]
				],
				"lengthInSteps": 16,
				"mustHitSection": false
			},
			{
				"sectionNotes": [
					[
						30000,
						4,
						0
					],
					[
						30170.4545454545,
						3,
						0
					],
					[
						30511.3636363636,
						0,
						0
					],
					[
						30852.2727272727,
						1,
						0
					],
					[
						31193.1818181818,
						2,
						0
					],
					[
						30170.4545454545,
						-1,
						"Add Camera Zoom",
						"0.2",
						"0.05"
					]
				],
				"lengthInSteps": 16,
				"mustHitSection": true
			},
			{
				"sectionNotes": [
					[
						31363.6363636364,
						1,
						0
					],
					[
						31704.5454545455,
						0,
						0
					],
					[
						31875,
						3,
						0
					],
					[
						32556.8181818182,
						1,
						0
					],
					[
						32215.9090909091,
						2,
						0
					]
				],
				"lengthInSteps": 16,
				"mustHitSection": true
			},
			{
				"sectionNotes": [
					[
						32727.2727272727,
						3,
						0
					],
					[
						33068.1818181818,
						2,
						0
					],
					[
						33579.5454545455,
						0,
						0
					],
					[
						33920.4545454546,
						1,
						0
					],
					[
						33238.6363636364,
						3,
						0
					]
				],
				"lengthInSteps": 16,
				"mustHitSection": true
			},
			{
				"sectionNotes": [
					[
						34346.5909090909,
						0,
						0
					],
					[
						34687.5,
						1,
						0
					],
					[
						34943.1818181818,
						2,
						0
					],
					[
						35284.0909090909,
						2,
						0
					],
					[
						34090.9090909091,
						3,
						127.840909090909
					]
				],
				"lengthInSteps": 16,
				"mustHitSection": true
			},
			{
				"sectionNotes": [
					[
						35454.5454545455,
						4,
						"Add Camera Zoom",
						"0.2",
						"0.05"
					],
					[
						35625,
						1,
						0
					],
					[
						35965.9090909091,
						3,
						0
					],
					[
						36136.3636363636,
						0,
						0
					],
					[
						36477.2727272727,
						1,
						0
					],
					[
						35625,
						-1,
						"Hey!",
						"GF",
						""
					],
					[
						35795.4545454545,
						2,
						0
					]
				],
				"lengthInSteps": 16,
				"mustHitSection": false
			},
			{
				"sectionNotes": [
					[
						36818.1818181818,
						1,
						0
					],
					[
						37329.5454545455,
						2,
						0
					],
					[
						37500,
						1,
						0
					],
					[
						37670.4545454545,
						2,
						0
					],
					[
						37840.9090909091,
						3,
						0
					],
					[
						38011.3636363636,
						0,
						0
					],
					[
						36988.6363636364,
						2,
						0
					],
					[
						37159.0909090909,
						3,
						0
					]
				],
				"lengthInSteps": 16,
				"mustHitSection": false
			},
			{
				"sectionNotes": [
					[
						38181.8181818182,
						1,
						0
					],
					[
						38352.2727272727,
						2,
						0
					],
					[
						38522.7272727273,
						2,
						0
					],
					[
						38693.1818181818,
						3,
						0
					],
					[
						38863.6363636364,
						3,
						0
					],
					[
						38352.2727272727,
						-1,
						"Add Camera Zoom",
						"0.2",
						"0.05"
					],
					[
						39034.0909090909,
						0,
						0
					],
					[
						39204.5454545454,
						0,
						0
					],
					[
						39375,
						1,
						0
					]
				],
				"lengthInSteps": 16,
				"mustHitSection": false
			},
			{
				"sectionNotes": [
					[
						39545.4545454545,
						1,
						0
					],
					[
						39715.9090909091,
						3,
						0
					],
					[
						40056.8181818182,
						2,
						0
					],
					[
						40738.6363636364,
						3,
						0
					],
					[
						40397.7272727273,
						0,
						0
					]
				],
				"lengthInSteps": 16,
				"mustHitSection": false
			},
			{
				"sectionNotes": [
					[
						40909.0909090909,
						4,
						127.840909090909
					],
					[
						41079.5454545454,
						-1,
						"Add Camera Zoom",
						"0.2",
						"0.05"
					],
					[
						41079.5454545454,
						1,
						0
					],
					[
						41420.4545454545,
						3,
						0
					],
					[
						41590.9090909091,
						0,
						0
					],
					[
						42017.0454545454,
						1,
						0
					],
					[
						42187.5,
						0,
						0
					],
					[
						41250,
						2,
						0
					],
					[
						41846.5909090909,
						2,
						0
					]
				],
				"lengthInSteps": 16,
				"mustHitSection": true
			},
			{
				"sectionNotes": [
					[
						42698.8636363636,
						3,
						0
					],
					[
						42869.3181818182,
						2,
						0
					],
					[
						43039.7727272727,
						1,
						0
					],
					[
						43210.2272727273,
						2,
						0
					],
					[
						43380.6818181818,
						0,
						0
					],
					[
						43551.1363636363,
						3,
						0
					],
					[
						42357.9545454545,
						1,
						0
					],
					[
						42528.4090909091,
						2,
						0
					]
				],
				"lengthInSteps": 16,
				"mustHitSection": true
			},
			{
				"sectionNotes": [
					[
						43721.5909090909,
						1,
						0
					],
					[
						43892.0454545454,
						3,
						0
					],
					[
						44062.5,
						1,
						0
					],
					[
						44232.9545454545,
						0,
						0
					],
					[
						44403.4090909091,
						2,
						0
					],
					[
						44914.7727272727,
						3,
						0
					]
				],
				"lengthInSteps": 16,
				"mustHitSection": true
			},
			{
				"sectionNotes": [
					[
						45085.2272727273,
						3,
						0
					],
					[
						45255.6818181818,
						2,
						0
					],
					[
						45426.1363636363,
						0,
						0
					],
					[
						45767.0454545454,
						0,
						0
					],
					[
						45937.5,
						2,
						0
					],
					[
						46107.9545454545,
						3,
						0
					],
					[
						46278.4090909091,
						0,
						0
					]
				],
				"lengthInSteps": 16,
				"mustHitSection": true
			},
			{
				"sectionNotes": [
					[
						46448.8636363636,
						4,
						0
					],
					[
						46704.5454545454,
						1,
						0
					],
					[
						46875,
						2,
						0
					],
					[
						47386.3636363636,
						1,
						0
					],
					[
						47556.8181818182,
						2,
						0
					],
					[
						46704.5454545454,
						-1,
						"Add Camera Zoom",
						"0.2",
						"0.05"
					],
					[
						47045.4545454545,
						3,
						0
					],
					[
						47215.9090909091,
						2,
						0
					]
				],
				"lengthInSteps": 16,
				"mustHitSection": false
			},
			{
				"sectionNotes": [
					[
						47727.2727272727,
						3,
						0
					],
					[
						48323.8636363636,
						1,
						0
					],
					[
						48494.3181818182,
						3,
						0
					],
					[
						48664.7727272727,
						2,
						0
					],
					[
						49005.6818181818,
						3,
						0
					],
					[
						47982.9545454545,
						1,
						0
					],
					[
						48835.2272727272,
						1,
						0
					]
				],
				"lengthInSteps": 16,
				"mustHitSection": false
			},
			{
				"sectionNotes": [
					[
						49346.5909090909,
						2,
						0
					],
					[
						49517.0454545454,
						2,
						0
					],
					[
						49687.5,
						3,
						0
					],
					[
						50028.4090909091,
						1,
						0
					],
					[
						50198.8636363636,
						1,
						0
					],
					[
						50369.3181818181,
						2,
						0
					]
				],
				"lengthInSteps": 16,
				"mustHitSection": false
			},
			{
				"sectionNotes": [
					[
						50539.7727272727,
						2,
						0
					],
					[
						50710.2272727272,
						3,
						0
					],
					[
						51051.1363636363,
						2,
						0
					],
					[
						51392.0454545454,
						1,
						0
					],
					[
						51562.5,
						1,
						0
					]
				],
				"lengthInSteps": 16,
				"mustHitSection": false
			},
			{
				"sectionNotes": [
					[
						51903.4090909091,
						7,
						170.454545454545
					],
					[
						52159.0909090909,
						-1,
						"Add Camera Zoom",
						"0.2",
						"0.05"
					],
					[
						53011.3636363636,
						0,
						0
					],
					[
						52159.0909090909,
						1,
						0
					],
					[
						52329.5454545454,
						2,
						0
					],
					[
						52500,
						3,
						0
					],
					[
						52670.4545454545,
						2,
						0
					],
					[
						52840.9090909091,
						1,
						0
					]
				],
				"lengthInSteps": 16,
				"mustHitSection": true
			},
			{
				"sectionNotes": [
					[
						53181.8181818181,
						1,
						0
					],
					[
						53352.2727272727,
						1,
						0
					],
					[
						53522.7272727272,
						2,
						0
					],
					[
						53863.6363636363,
						1,
						0
					],
					[
						54204.5454545454,
						2,
						0
					],
					[
						54375,
						1,
						0
					]
				],
				"lengthInSteps": 16,
				"mustHitSection": true
			},
			{
				"sectionNotes": [
					[
						55056.8181818181,
						3,
						0
					],
					[
						55227.2727272727,
						2,
						0
					],
					[
						55397.7272727272,
						1,
						0
					],
					[
						55568.1818181818,
						3,
						0
					],
					[
						54545.4545454545,
						0,
						0
					],
					[
						54715.909090909,
						0,
						0
					],
					[
						54886.3636363636,
						2,
						0
					],
					[
						55738.6363636363,
						2,
						0
					]
				],
				"lengthInSteps": 16,
				"mustHitSection": true
			},
			{
				"sectionNotes": [
					[
						56590.909090909,
						0,
						0
					],
					[
						56761.3636363636,
						1,
						0
					],
					[
						56931.8181818181,
						3,
						0
					],
					[
						57102.2727272727,
						2,
						0
					],
					[
						55909.0909090909,
						1,
						0
					],
					[
						56079.5454545454,
						0,
						0
					],
					[
						56249.9999999999,
						1,
						0
					],
					[
						56420.4545454545,
						2,
						0
					]
				],
				"lengthInSteps": 16,
				"mustHitSection": true
			},
			{
				"sectionNotes": [
					[
						57272.7272727272,
						4,
						0
					],
					[
						57613.6363636363,
						-1,
						"Hey!",
						"GF",
						""
					],
					[
						57613.6363636363,
						1,
						0
					],
					[
						57784.0909090909,
						1,
						0
					],
					[
						57954.5454545454,
						3,
						0
					],
					[
						58124.9999999999,
						3,
						0
					],
					[
						58295.4545454545,
						0,
						0
					],
					[
						58465.909090909,
						1,
						0
					],
					[
						58491.4772727272,
						3,
						170.454545454545
					],
					[
						58124.9999999999,
						-1,
						"Add Camera Zoom",
						"0.2",
						"0.05"
					],
					[
						57443.1818181818,
						4,
						0
					]
				],
				"lengthInSteps": 16,
				"mustHitSection": false
			},
			{
				"sectionNotes": [
					[
						58721.5909090909,
						0,
						0
					],
					[
						58977.2727272727,
						1,
						0
					],
					[
						59488.6363636363,
						0,
						0
					],
					[
						59659.0909090909,
						1,
						0
					],
					[
						59829.5454545454,
						3,
						0
					],
					[
						58977.2727272727,
						-1,
						"Add Camera Zoom",
						"0.2",
						"0.05"
					],
					[
						59488.6363636363,
						-1,
						"Add Camera Zoom",
						"0.2",
						"0.05"
					],
					[
						59147.7272727272,
						2,
						170.454545454545
					]
				],
				"lengthInSteps": 16,
				"mustHitSection": false
			},
			{
				"sectionNotes": [
					[
						59999.9999999999,
						1,
						0
					],
					[
						60170.4545454545,
						3,
						0
					],
					[
						60023.4374999999,
						0,
						85.2272727272727
					],
					[
						60340.909090909,
						2,
						0
					],
					[
						60852.2727272727,
						3,
						0
					],
					[
						61022.7272727272,
						1,
						0
					],
					[
						61037.6420454545,
						2,
						85.2272727272727
					],
					[
						61193.1818181818,
						0,
						0
					],
					[
						60340.909090909,
						-1,
						"Add Camera Zoom",
						"0.2",
						"0.05"
					],
					[
						60852.2727272727,
						-1,
						"Add Camera Zoom",
						"0.2",
						"0.05"
					],
					[
						60511.3636363636,
						3,
						213.068181818182
					]
				],
				"lengthInSteps": 16,
				"mustHitSection": false
			},
			{
				"sectionNotes": [
					[
						61363.6363636363,
						2,
						0
					],
					[
						61704.5454545454,
						3,
						0
					],
					[
						61874.9999999999,
						1,
						0
					],
					[
						62045.4545454545,
						0,
						127.840909090909
					],
					[
						62386.3636363636,
						2,
						170.454545454545
					],
					[
						61704.5454545454,
						-1,
						"Add Camera Zoom",
						"0.2",
						"0.05"
					],
					[
						62215.909090909,
						-1,
						"Add Camera Zoom",
						"0.2",
						"0.05"
					]
				],
				"lengthInSteps": 16,
				"mustHitSection": false
			},
			{
				"sectionNotes": [
					[
						62897.7272727272,
						4,
						170.454545454545
					],
					[
						63068.1818181818,
						-1,
						"Add Camera Zoom",
						"0.2",
						"0.05"
					],
					[
						63579.5454545454,
						-1,
						"Add Camera Zoom",
						"0.2",
						"0.05"
					],
					[
						63068.1818181818,
						3,
						0
					],
					[
						63409.0909090908,
						1,
						0
					],
					[
						63579.5454545454,
						0,
						0
					],
					[
						63749.9999999999,
						2,
						0
					],
					[
						62727.2727272727,
						7,
						0
					]
				],
				"lengthInSteps": 16,
				"mustHitSection": true
			},
			{
				"sectionNotes": [
					[
						64431.8181818181,
						-1,
						"Add Camera Zoom",
						"0.2",
						"0.05"
					],
					[
						64943.1818181818,
						-1,
						"Add Camera Zoom",
						"0.2",
						"0.05"
					],
					[
						64261.3636363636,
						3,
						0
					],
					[
						64431.8181818181,
						0,
						0
					],
					[
						64602.2727272727,
						1,
						127.840909090909
					],
					[
						64857.9545454545,
						3,
						0
					],
					[
						65113.6363636363,
						2,
						0
					],
					[
						65284.0909090908,
						2,
						0
					]
				],
				"lengthInSteps": 16,
				"mustHitSection": true
			},
			{
				"sectionNotes": [
					[
						65539.7727272727,
						2,
						127.840909090909
					],
					[
						65795.4545454545,
						0,
						0
					],
					[
						66306.8181818181,
						1,
						0
					],
					[
						66477.2727272727,
						2,
						0
					],
					[
						65795.4545454545,
						-1,
						"Add Camera Zoom",
						"0.2",
						"0.05"
					],
					[
						66306.8181818181,
						-1,
						"Add Camera Zoom",
						"0.2",
						"0.05"
					],
					[
						65965.909090909,
						3,
						127.840909090909
					]
				],
				"lengthInSteps": 16,
				"mustHitSection": true
			},
			{
				"sectionNotes": [
					[
						67159.0909090908,
						-1,
						"Add Camera Zoom",
						"0.2",
						"0.05"
					],
					[
						67755.6818181818,
						-1,
						"Add Camera Zoom",
						"0.2",
						"0.05"
					],
					[
						66988.6363636363,
						0,
						0
					],
					[
						67159.0909090908,
						3,
						0
					],
					[
						67499.9999999999,
						1,
						0
					],
					[
						67840.909090909,
						2,
						0
					]
				],
				"lengthInSteps": 16,
				"mustHitSection": true
			},
			{
				"sectionNotes": [
					[
						68181.8181818181,
						7,
						0
					],
					[
						68352.2727272727,
						4,
						0
					],
					[
						68522.7272727272,
						-1,
						"Add Camera Zoom",
						"0.2",
						"0.05"
					],
					[
						68522.7272727272,
						6,
						0,
						"Hey!"
					],
					[
						68522.7272727272,
						2,
						0
					],
					[
						68863.6363636363,
						0,
						0
					],
					[
						69034.0909090908,
						1,
						0
					],
					[
						69204.5454545454,
						3,
						0
					],
					[
						69034.0909090908,
						-1,
						"Add Camera Zoom",
						"0.2",
						"0.05"
					]
				],
				"lengthInSteps": 16,
				"mustHitSection": false
			},
			{
				"sectionNotes": [
					[
						69545.4545454545,
						2,
						0
					],
					[
						69715.909090909,
						1,
						0
					],
					[
						69886.3636363636,
						3,
						0
					],
					[
						70056.8181818181,
						3,
						0
					],
					[
						70227.2727272727,
						2,
						0
					],
					[
						70397.7272727272,
						0,
						0
					],
					[
						70568.1818181818,
						2,
						0
					],
					[
						69886.3636363636,
						-1,
						"Add Camera Zoom",
						"0.2",
						"0.05"
					],
					[
						70482.9545454545,
						-1,
						"Add Camera Zoom",
						"0.2",
						"0.05"
					]
				],
				"lengthInSteps": 16,
				"mustHitSection": false
			},
			{
				"sectionNotes": [
					[
						70909.0909090909,
						0,
						0
					],
					[
						71079.5454545454,
						3,
						0
					],
					[
						71249.9999999999,
						1,
						0
					],
					[
						71420.4545454545,
						1,
						0
					],
					[
						71590.909090909,
						2,
						0
					],
					[
						71761.3636363636,
						3,
						0
					],
					[
						71931.8181818181,
						2,
						0
					],
					[
						71335.2272727272,
						-1,
						"Add Camera Zoom",
						"0.2",
						"0.05"
					],
					[
						71846.5909090909,
						-1,
						"Add Camera Zoom",
						"0.2",
						"0.05"
					]
				],
				"lengthInSteps": 16,
				"mustHitSection": false
			},
			{
				"sectionNotes": [
					[
						72272.7272727272,
						1,
						0
					],
					[
						72443.1818181818,
						3,
						0
					],
					[
						72613.6363636363,
						2,
						0
					],
					[
						72784.0909090909,
						0,
						0
					],
					[
						73039.7727272727,
						2,
						0
					],
					[
						73210.2272727272,
						2,
						0
					],
					[
						73380.6818181818,
						3,
						127.840909090909
					],
					[
						72698.8636363636,
						-1,
						"Add Camera Zoom",
						"0.2",
						"0.05"
					],
					[
						73210.2272727272,
						-1,
						"Add Camera Zoom",
						"0.2",
						"0.05"
					]
				],
				"lengthInSteps": 16,
				"mustHitSection": false
			},
			{
				"sectionNotes": [
					[
						73636.3636363636,
						4,
						127.840909090909
					],
					[
						74062.5,
						-1,
						"Add Camera Zoom",
						"0.2",
						"0.05"
					],
					[
						74573.8636363636,
						-1,
						"Add Camera Zoom",
						"0.2",
						"0.05"
					],
					[
						74062.5,
						2,
						0
					],
					[
						74403.409090909,
						3,
						0
					],
					[
						74573.8636363636,
						1,
						0
					],
					[
						74744.3181818181,
						2,
						0
					]
				],
				"lengthInSteps": 16,
				"mustHitSection": true
			},
			{
				"sectionNotes": [
					[
						75426.1363636363,
						-1,
						"Add Camera Zoom",
						"0.2",
						"0.05"
					],
					[
						75937.5,
						-1,
						"Add Camera Zoom",
						"0.2",
						"0.05"
					],
					[
						75085.2272727272,
						3,
						0
					],
					[
						75255.6818181818,
						0,
						0
					],
					[
						75426.1363636363,
						1,
						0
					],
					[
						75596.5909090909,
						0,
						0
					],
					[
						75767.0454545454,
						2,
						0
					],
					[
						75937.5,
						3,
						0
					],
					[
						76107.9545454545,
						1,
						0
					]
				],
				"lengthInSteps": 16,
				"mustHitSection": true
			},
			{
				"sectionNotes": [
					[
						76789.7727272727,
						-1,
						"Add Camera Zoom",
						"0.2",
						"0.05"
					],
					[
						77301.1363636363,
						-1,
						"Add Camera Zoom",
						"0.2",
						"0.05"
					],
					[
						76448.8636363636,
						2,
						0
					],
					[
						76619.3181818181,
						0,
						0
					],
					[
						76789.7727272727,
						1,
						0
					],
					[
						76960.2272727272,
						3,
						0
					],
					[
						77130.6818181818,
						1,
						0
					],
					[
						77301.1363636363,
						0,
						0
					],
					[
						77471.5909090909,
						2,
						0
					]
				],
				"lengthInSteps": 16,
				"mustHitSection": true
			},
			{
				"sectionNotes": [
					[
						78153.4090909091,
						-1,
						"Add Camera Zoom",
						"0.2",
						"0.05"
					],
					[
						78664.7727272727,
						-1,
						"Add Camera Zoom",
						"0.2",
						"0.05"
					],
					[
						78920.4545454545,
						3,
						0
					],
					[
						78750,
						2,
						0
					],
					[
						78579.5454545454,
						0,
						0
					],
					[
						78409.0909090909,
						1,
						0
					],
					[
						78238.6363636363,
						1,
						0
					],
					[
						77812.5,
						2,
						0
					],
					[
						77982.9545454545,
						3,
						0
					]
				],
				"lengthInSteps": 16,
				"mustHitSection": true
			},
			{
				"sectionNotes": [
					[
						79943.1818181818,
						3,
						0
					],
					[
						79772.7272727272,
						2,
						0
					],
					[
						79602.2727272727,
						1,
						0
					],
					[
						79431.8181818181,
						4,
						0
					],
					[
						79261.3636363636,
						5,
						0
					],
					[
						79090.9090909091,
						6,
						0
					],
					[
						79602.2727272727,
						-1,
						"Hey!",
						"GF",
						""
					],
					[
						80113.6363636363,
						2,
						0
					],
					[
						80284.0909090909,
						1,
						0
					]
				],
				"lengthInSteps": 16,
				"mustHitSection": false
			},
			{
				"sectionNotes": [
					[
						81562.5,
						2,
						0
					],
					[
						81392.0454545454,
						3,
						0
					],
					[
						81221.5909090909,
						0,
						0
					],
					[
						81051.1363636363,
						2,
						0
					],
					[
						80880.6818181818,
						1,
						0
					],
					[
						80710.2272727273,
						3,
						0
					],
					[
						80454.5454545454,
						0,
						0
					]
				],
				"lengthInSteps": 16,
				"mustHitSection": false
			},
			{
				"sectionNotes": [
					[
						81903.4090909091,
						1,
						0
					],
					[
						82073.8636363636,
						3,
						0
					],
					[
						82244.3181818182,
						2,
						0
					],
					[
						82585.2272727273,
						1,
						0
					],
					[
						82926.1363636363,
						3,
						0
					]
				],
				"lengthInSteps": 16,
				"mustHitSection": false
			},
			{
				"sectionNotes": [
					[
						83267.0454545454,
						0,
						0
					],
					[
						83437.5,
						3,
						0
					],
					[
						83607.9545454545,
						1,
						0
					],
					[
						83948.8636363636,
						0,
						0
					],
					[
						84289.7727272727,
						1,
						0
					]
				],
				"lengthInSteps": 16,
				"mustHitSection": false
			},
			{
				"sectionNotes": [
					[
						84630.6818181818,
						7,
						0
					],
					[
						84801.1363636364,
						5,
						170.454545454545
					],
					[
						85056.8181818182,
						2,
						0
					],
					[
						85227.2727272727,
						3,
						0
					],
					[
						85568.1818181818,
						1,
						0
					],
					[
						85738.6363636364,
						0,
						0
					],
					[
						85056.8181818182,
						-1,
						"Hey!",
						"GF",
						""
					],
					[
						85397.7272727273,
						2,
						0
					]
				],
				"lengthInSteps": 16,
				"mustHitSection": true
			},
			{
				"sectionNotes": [
					[
						85909.0909090909,
						3,
						0
					],
					[
						86079.5454545454,
						2,
						0
					],
					[
						86420.4545454545,
						1,
						0
					],
					[
						86761.3636363636,
						2,
						0
					],
					[
						87102.2727272727,
						3,
						0
					],
					[
						86931.8181818182,
						1,
						0
					]
				],
				"lengthInSteps": 16,
				"mustHitSection": true
			},
			{
				"sectionNotes": [
					[
						87443.1818181818,
						1,
						0
					],
					[
						87613.6363636364,
						1,
						0
					],
					[
						87784.0909090909,
						3,
						0
					],
					[
						88125,
						0,
						0
					],
					[
						88295.4545454545,
						1,
						0
					],
					[
						88465.9090909091,
						2,
						0
					]
				],
				"lengthInSteps": 16,
				"mustHitSection": true
			},
			{
				"sectionNotes": [
					[
						88806.8181818182,
						3,
						0
					],
					[
						89147.7272727273,
						0,
						0
					],
					[
						89488.6363636364,
						3,
						0
					],
					[
						89659.0909090909,
						1,
						0
					],
					[
						89829.5454545455,
						2,
						0
					]
				],
				"lengthInSteps": 16,
				"mustHitSection": true
			},
			{
				"sectionNotes": [
					[
						90170.4545454545,
						3,
						0
					],
					[
						90511.3636363636,
						2,
						0
					],
					[
						90511.3636363636,
						-1,
						"",
						"",
						""
					],
					[
						90596.5909090909,
						-1,
						"Hey!",
						"GF",
						""
					]
				],
				"lengthInSteps": 16,
				"mustHitSection": true
			},
			{
				"sectionNotes": [],
				"lengthInSteps": 16,
				"mustHitSection": true
			},
			{
				"sectionNotes": [],
				"lengthInSteps": 16,
				"mustHitSection": false
			},
			{
				"sectionNotes": [],
				"lengthInSteps": 16,
				"mustHitSection": false
			},
			{
				"sectionNotes": [],
				"lengthInSteps": 16,
				"mustHitSection": true
			},
			{
				"sectionNotes": [],
				"lengthInSteps": 16,
				"mustHitSection": true
			},
			{
				"sectionNotes": [],
				"lengthInSteps": 16,
				"mustHitSection": true
			},
			{
				"sectionNotes": [],
				"lengthInSteps": 16,
				"mustHitSection": true
			},
			{
				"lengthInSteps": 16,
				"typeOfSection": 0,
				"sectionNotes": [],
				"altAnim": false,
				"bpm": 165,
				"changeBPM": false,
				"mustHitSection": true
			},
			{
				"sectionNotes": [],
				"typeOfSection": 0,
				"lengthInSteps": 16,
				"altAnim": false,
				"mustHitSection": true,
				"changeBPM": false,
				"bpm": 165
			},
			{
				"sectionNotes": [],
				"typeOfSection": 0,
				"lengthInSteps": 16,
				"altAnim": false,
				"mustHitSection": true,
				"changeBPM": false,
				"bpm": 165
			},
			{
				"sectionNotes": [],
				"typeOfSection": 0,
				"lengthInSteps": 16,
				"altAnim": false,
				"mustHitSection": true,
				"changeBPM": false,
				"bpm": 165
			},
			{
				"sectionNotes": [],
				"typeOfSection": 0,
				"lengthInSteps": 16,
				"altAnim": false,
				"mustHitSection": true,
				"changeBPM": false,
				"bpm": 165
			},
			{
				"sectionNotes": [],
				"typeOfSection": 0,
				"lengthInSteps": 16,
				"altAnim": false,
				"mustHitSection": true,
				"changeBPM": false,
				"bpm": 165
			},
			{
				"sectionNotes": [],
				"typeOfSection": 0,
				"lengthInSteps": 16,
				"altAnim": false,
				"mustHitSection": true,
				"changeBPM": false,
				"bpm": 165
			},
			{
				"sectionNotes": [],
				"typeOfSection": 0,
				"lengthInSteps": 16,
				"altAnim": false,
				"mustHitSection": true,
				"changeBPM": false,
				"bpm": 165
			},
			{
				"lengthInSteps": 16,
				"typeOfSection": 0,
				"sectionNotes": [],
				"altAnim": false,
				"bpm": 165,
				"changeBPM": false,
				"mustHitSection": true
			},
			{
				"sectionNotes": [],
				"typeOfSection": 0,
				"lengthInSteps": 16,
				"altAnim": false,
				"mustHitSection": true,
				"changeBPM": false,
				"bpm": 165
			},
			{
				"sectionNotes": [],
				"typeOfSection": 0,
				"lengthInSteps": 16,
				"altAnim": false,
				"mustHitSection": true,
				"changeBPM": false,
				"bpm": 176
			},
			{
				"sectionNotes": [],
				"typeOfSection": 0,
				"lengthInSteps": 16,
				"altAnim": false,
				"mustHitSection": true,
				"changeBPM": false,
				"bpm": 176
			},
			{
				"sectionNotes": [],
				"typeOfSection": 0,
				"lengthInSteps": 16,
				"altAnim": false,
				"mustHitSection": true,
				"changeBPM": false,
				"bpm": 176
			},
			{
				"sectionNotes": [],
				"typeOfSection": 0,
				"lengthInSteps": 16,
				"altAnim": false,
				"mustHitSection": true,
				"changeBPM": false,
				"bpm": 176
			},
			{
				"sectionNotes": [],
				"typeOfSection": 0,
				"lengthInSteps": 16,
				"altAnim": false,
				"mustHitSection": true,
				"changeBPM": false,
				"bpm": 176
			},
			{
				"sectionNotes": [],
				"typeOfSection": 0,
				"lengthInSteps": 16,
				"altAnim": false,
				"mustHitSection": true,
				"changeBPM": false,
				"bpm": 176
			},
			{
				"sectionNotes": [],
				"typeOfSection": 0,
				"lengthInSteps": 16,
				"altAnim": false,
				"mustHitSection": true,
				"changeBPM": false,
				"bpm": 176
			},
			{
				"sectionNotes": [],
				"typeOfSection": 0,
				"lengthInSteps": 16,
				"altAnim": false,
				"mustHitSection": true,
				"changeBPM": false,
				"bpm": 176
			},
			{
				"sectionNotes": [],
				"typeOfSection": 0,
				"lengthInSteps": 16,
				"altAnim": false,
				"mustHitSection": true,
				"changeBPM": false,
				"bpm": 176
			},
			{
				"sectionNotes": [],
				"typeOfSection": 0,
				"lengthInSteps": 16,
				"altAnim": false,
				"mustHitSection": true,
				"changeBPM": false,
				"bpm": 176
			},
			{
				"sectionNotes": [],
				"typeOfSection": 0,
				"lengthInSteps": 16,
				"altAnim": false,
				"mustHitSection": true,
				"changeBPM": false,
				"bpm": 176
			},
			{
				"sectionNotes": [],
				"typeOfSection": 0,
				"lengthInSteps": 16,
				"altAnim": false,
				"mustHitSection": true,
				"changeBPM": false,
				"bpm": 176
			},
			{
				"sectionNotes": [],
				"typeOfSection": 0,
				"lengthInSteps": 16,
				"altAnim": false,
				"mustHitSection": true,
				"changeBPM": false,
				"bpm": 176
			},
			{
				"sectionNotes": [],
				"typeOfSection": 0,
				"lengthInSteps": 16,
				"altAnim": false,
				"mustHitSection": true,
				"changeBPM": false,
				"bpm": 176
			},
			{
				"sectionNotes": [],
				"typeOfSection": 0,
				"lengthInSteps": 16,
				"altAnim": false,
				"mustHitSection": true,
				"changeBPM": false,
				"bpm": 176
			},
			{
				"sectionNotes": [],
				"typeOfSection": 0,
				"lengthInSteps": 16,
				"altAnim": false,
				"mustHitSection": true,
				"changeBPM": false,
				"bpm": 176
			},
			{
				"lengthInSteps": 16,
				"altAnim": false,
				"typeOfSection": 0,
				"sectionNotes": [],
				"bpm": 176,
				"changeBPM": false,
				"mustHitSection": true
			},
			{
				"lengthInSteps": 16,
				"altAnim": false,
				"typeOfSection": 0,
				"sectionNotes": [],
				"bpm": 176,
				"changeBPM": false,
				"mustHitSection": true
			}
		],
		"player2": "axys",
		"player3": "gf",
		"song": "masked",
		"stage": "exampleStage",
		"needsVoices": true,
		"validScore": true,
		"bpm": 176,
		"speed": 2.5
	}
}