{
	"dialogue_pos": "left",
	"position": [
		200,
		120
	],
	"scale": 2.3,
	"animations": [
		{
			"anim": "talk",
			"loop_offsets": [
				0,
				0
			],
			"idle_offsets": [
				0,
				0
			],
			"loop_name": "",
			"idle_name": "axys_portrait Neutral"
		},
		{
			"loop_offsets": [
				0,
				0
			],
			"anim": "excited",
			"idle_offsets": [
				0,
				0
			],
			"loop_name": "",
			"idle_name": "axys_portrait Suprised"
		},
		{
			"loop_offsets": [
				0,
				0
			],
			"anim": "pissed",
			"idle_offsets": [
				0,
				0
			],
			"loop_name": "",
			"idle_name": "axys_portrait Angry"
		},
		{
			"loop_offsets": [
				0,
				0
			],
			"anim": "shocked",
			"idle_offsets": [
				0,
				0
			],
			"loop_name": "",
			"idle_name": "axys_portrait Uh oh"
		}
	],
	"image": "axys_portrait"
}