{
	"dialogue": [
		{
			"speed": 0.05,
			"portrait": "bf",
			"boxState": "normal",
			"expression": "pissed",
			"text": "be be be be  skedo peebo baavo pep"
		},
		{
			"speed": 0.04,
			"portrait": "axys",
			"boxState": "angry",
			"expression": "pissed",
			"text": "you had to say that you stupid child looking 19 year old?!"
		},
		{
			"speed": 0.05,
			"portrait": "bf",
			"boxState": "normal",
			"expression": "talk",
			"text": "bep"
		},
		{
			"speed": 0.055,
			"portrait": "axys",
			"boxState": "normal",
			"expression": "shocked",
			"text": "wow that was rude"
		},
		{
			"speed": 0.055,
			"portrait": "axys",
			"boxState": "normal",
			"expression": "talk",
			"text": "but i don't care at all"
		},
		{
			"speed": 0.05,
			"portrait": "bf",
			"boxState": "normal",
			"expression": "pissed",
			"text": "be poob *throws mic to its face*"
		},
		{
			"speed": 0.04,
			"portrait": "axys",
			"boxState": "angry",
			"expression": "pissed",
			"text": "now that's off the limits!"
		},
		{
			"speed": 0.4,
			"portrait": "axys",
			"boxState": "normal",
			"expression": "shocked",
			"text": "..."
		},
		{
			"speed": 0.05,
			"portrait": "bf",
			"boxState": "normal",
			"expression": "shocked",
			"text": "booop?"
		},
		{
			"speed": 0.15,
			"portrait": "axys",
			"boxState": "normal",
			"expression": "shocked",
			"text": "is that my mask on the floor?......"
		}
	]
}