{
	"song": {
		"player1": "bf",
		"player2": "angry_axys",
		"notes": [
			{
				"lengthInSteps": 16,
				"sectionNotes": [],
				"mustHitSection": true
			},
			{
				"lengthInSteps": 16,
				"sectionNotes": [],
				"mustHitSection": true
			},
			{
				"lengthInSteps": 16,
				"sectionNotes": [],
				"mustHitSection": true
			},
			{
				"lengthInSteps": 16,
				"sectionNotes": [],
				"mustHitSection": true
			},
			{
				"lengthInSteps": 16,
				"sectionNotes": [],
				"mustHitSection": true
			},
			{
				"lengthInSteps": 16,
				"sectionNotes": [],
				"mustHitSection": true
			},
			{
				"lengthInSteps": 16,
				"sectionNotes": [],
				"mustHitSection": true
			},
			{
				"lengthInSteps": 16,
				"sectionNotes": [
					[
						11272.7272727273,
						-1,
						"Screen Shake",
						"0.75, 0.075",
						""
					]
				],
				"mustHitSection": true
			},
			{
				"lengthInSteps": 16,
				"sectionNotes": [
					[
						11818.1816,
						1,
						0
					],
					[
						12727.2725,
						3,
						181.818176
					],
					[
						12818.1818181818,
						2,
						136.363636363636
					],
					[
						12000,
						3,
						136.363636363636
					],
					[
						12363.6363636364,
						0,
						136.363636363636
					]
				],
				"mustHitSection": false
			},
			{
				"lengthInSteps": 16,
				"sectionNotes": [
					[
						13636.3633,
						3,
						0
					],
					[
						13727.2725,
						0,
						0
					],
					[
						13818.1816,
						3,
						0
					],
					[
						13454.5454545455,
						1,
						0
					],
					[
						14000,
						2,
						0
					],
					[
						14181.8181818182,
						1,
						181.818181818182
					],
					[
						13090.9090909091,
						2,
						227.272727272727
					]
				],
				"mustHitSection": false
			},
			{
				"lengthInSteps": 16,
				"sectionNotes": [
					[
						14727.2725,
						1,
						0
					],
					[
						15272.7275,
						0,
						0
					],
					[
						15454.5449,
						1,
						0
					],
					[
						14909.0909090909,
						3,
						136.363636363636
					],
					[
						15636.3636363636,
						3,
						136.363636363636
					]
				],
				"mustHitSection": false
			},
			{
				"lengthInSteps": 16,
				"sectionNotes": [
					[
						16000,
						3,
						0
					],
					[
						16181.8184,
						1,
						90.90909
					],
					[
						16363.6357,
						3,
						0
					],
					[
						16545.4551,
						2,
						0
					],
					[
						16727.2734,
						1,
						90.90909
					],
					[
						16909.09,
						3,
						0
					],
					[
						17090.9082,
						1,
						181.818176
					]
				],
				"mustHitSection": false
			},
			{
				"lengthInSteps": 16,
				"sectionNotes": [
					[
						17636.3633,
						1,
						0
					],
					[
						18545.4551,
						3,
						181.818176
					],
					[
						17818.1818181818,
						3,
						136.363636363636
					],
					[
						18181.8181818182,
						0,
						136.363636363636
					]
				],
				"mustHitSection": true
			},
			{
				"lengthInSteps": 16,
				"sectionNotes": [
					[
						19272.7266,
						2,
						0
					],
					[
						19454.5449,
						3,
						0
					],
					[
						19545.4551,
						0,
						0
					],
					[
						19636.3633,
						3,
						0
					],
					[
						19818.1818181818,
						1,
						0
					],
					[
						20000,
						2,
						181.818181818182
					],
					[
						18909.0909090909,
						0,
						136.363636363636
					]
				],
				"mustHitSection": true
			},
			{
				"lengthInSteps": 16,
				"sectionNotes": [
					[
						20545.4551,
						1,
						0
					],
					[
						21454.5449,
						3,
						0
					],
					[
						21636.3633,
						2,
						0
					],
					[
						20727.2727272727,
						3,
						136.363636363636
					],
					[
						21090.9090909091,
						0,
						136.363636363636
					]
				],
				"mustHitSection": true
			},
			{
				"lengthInSteps": 16,
				"sectionNotes": [
					[
						21818.1816,
						3,
						0
					],
					[
						22000,
						1,
						90.90909
					],
					[
						22181.8184,
						3,
						0
					],
					[
						22363.6367,
						2,
						0
					],
					[
						22545.4551,
						1,
						90.90909
					],
					[
						22727.2734,
						3,
						0
					],
					[
						22909.09,
						1,
						181.818176
					]
				],
				"mustHitSection": true
			},
			{
				"lengthInSteps": 16,
				"sectionNotes": [
					[
						23454.5449,
						2,
						0
					],
					[
						24000,
						2,
						0
					],
					[
						24181.8184,
						0,
						0
					],
					[
						24545.4545454545,
						1,
						0
					],
					[
						23636.3636363636,
						3,
						136.363636363636
					]
				],
				"mustHitSection": false
			},
			{
				"lengthInSteps": 16,
				"sectionNotes": [
					[
						24727.2734,
						3,
						0
					],
					[
						24909.09,
						1,
						0
					],
					[
						25818.1816,
						0,
						0
					],
					[
						26000,
						0,
						0
					],
					[
						25090.9090909091,
						0,
						136.363636363636
					],
					[
						25454.5454545455,
						2,
						136.363636363636
					]
				],
				"mustHitSection": false
			},
			{
				"lengthInSteps": 16,
				"sectionNotes": [
					[
						26363.6367,
						2,
						0
					],
					[
						27454.5449,
						2,
						0
					],
					[
						26909.0909090909,
						2,
						0
					],
					[
						26545.4545454546,
						3,
						136.363636363636
					],
					[
						27090.9090909091,
						1,
						0
					]
				],
				"mustHitSection": false
			},
			{
				"lengthInSteps": 16,
				"sectionNotes": [
					[
						27636.3633,
						3,
						0
					],
					[
						27818.1816,
						0,
						0
					],
					[
						28000,
						1,
						0
					],
					[
						28181.8184,
						1,
						0
					],
					[
						28363.6367,
						3,
						0
					],
					[
						28545.4551,
						2,
						0
					],
					[
						28727.2715,
						0,
						0
					],
					[
						28909.09,
						1,
						0
					]
				],
				"mustHitSection": false
			},
			{
				"lengthInSteps": 16,
				"sectionNotes": [
					[
						29272.7266,
						2,
						0
					],
					[
						29818.1816,
						2,
						0
					],
					[
						30000,
						0,
						0
					],
					[
						30181.8184,
						3,
						0
					],
					[
						30363.6367,
						1,
						0
					],
					[
						29454.5454545455,
						3,
						136.363636363636
					]
				],
				"mustHitSection": true
			},
			{
				"lengthInSteps": 16,
				"sectionNotes": [
					[
						30545.4551,
						3,
						0
					],
					[
						30727.2715,
						1,
						0
					],
					[
						31272.7266,
						2,
						0
					],
					[
						31454.5449,
						3,
						0
					],
					[
						30909.0909090909,
						0,
						136.363636363636
					],
					[
						31636.3636363636,
						0,
						136.363636363636
					]
				],
				"mustHitSection": true
			},
			{
				"lengthInSteps": 16,
				"sectionNotes": [
					[
						32181.8184,
						2,
						0
					],
					[
						33090.91,
						3,
						0
					],
					[
						33272.7266,
						2,
						0
					],
					[
						32363.6363636364,
						3,
						136.363636363636
					],
					[
						32727.2727272727,
						1,
						136.363636363636
					]
				],
				"mustHitSection": true
			},
			{
				"lengthInSteps": 16,
				"sectionNotes": [
					[
						33454.5469,
						3,
						0
					],
					[
						33636.3633,
						0,
						0
					],
					[
						34181.8164,
						3,
						0
					],
					[
						34363.6367,
						2,
						0
					],
					[
						34545.4531,
						0,
						0
					],
					[
						34727.2734,
						1,
						0
					],
					[
						33818.1818181818,
						1,
						136.363636363636,
						"Alt Animation"
					]
				],
				"mustHitSection": true
			},
			{
				"lengthInSteps": 16,
				"sectionNotes": [
					[
						35090.91,
						0,
						0
					],
					[
						35272.7266,
						2,
						181.818176
					],
					[
						35636.3633,
						3,
						0
					],
					[
						35818.18,
						3,
						0
					],
					[
						36000,
						1,
						272.727264
					]
				],
				"mustHitSection": false
			},
			{
				"lengthInSteps": 16,
				"sectionNotes": [
					[
						36363.6367,
						2,
						181.818176
					],
					[
						36727.2734,
						3,
						0
					],
					[
						37090.91,
						2,
						0
					],
					[
						37454.5469,
						0,
						0
					],
					[
						37636.3633,
						3,
						0
					]
				],
				"mustHitSection": false
			},
			{
				"lengthInSteps": 16,
				"sectionNotes": [
					[
						38000,
						0,
						0
					],
					[
						38181.8164,
						2,
						181.818176
					],
					[
						38545.4531,
						3,
						0
					],
					[
						38727.2734,
						3,
						0
					],
					[
						38909.09,
						1,
						272.727264
					]
				],
				"mustHitSection": false
			},
			{
				"lengthInSteps": 16,
				"sectionNotes": [
					[
						39272.7266,
						0,
						272.727264
					],
					[
						39636.3633,
						1,
						0
					],
					[
						40000,
						3,
						0
					],
					[
						40181.8164,
						1,
						0
					],
					[
						40363.6367,
						2,
						0
					],
					[
						40545.4531,
						3,
						0
					]
				],
				"mustHitSection": false
			},
			{
				"lengthInSteps": 16,
				"sectionNotes": [
					[
						40909.09,
						0,
						0
					],
					[
						41090.91,
						2,
						181.818176
					],
					[
						41454.5469,
						3,
						0
					],
					[
						41636.3633,
						3,
						0
					],
					[
						41818.18,
						1,
						272.727264
					]
				],
				"mustHitSection": true
			},
			{
				"lengthInSteps": 16,
				"sectionNotes": [
					[
						42181.8164,
						2,
						181.818176
					],
					[
						42545.4531,
						3,
						0
					],
					[
						42909.09,
						2,
						0
					],
					[
						43272.7266,
						0,
						0
					],
					[
						43454.5469,
						3,
						0
					]
				],
				"mustHitSection": true
			},
			{
				"lengthInSteps": 16,
				"sectionNotes": [
					[
						43818.18,
						0,
						0
					],
					[
						44000,
						2,
						181.818176
					],
					[
						44363.6367,
						3,
						0
					],
					[
						44545.4531,
						3,
						0
					],
					[
						44727.2734,
						1,
						272.727264
					]
				],
				"mustHitSection": true
			},
			{
				"lengthInSteps": 16,
				"sectionNotes": [
					[
						45090.91,
						0,
						272.727264
					],
					[
						45454.5469,
						1,
						0
					],
					[
						45818.18,
						3,
						0
					],
					[
						46000,
						1,
						0
					],
					[
						46181.8164,
						2,
						0
					],
					[
						46363.6367,
						3,
						0
					]
				],
				"mustHitSection": true
			},
			{
				"lengthInSteps": 16,
				"sectionNotes": [
					[
						46545.4531,
						0,
						0
					],
					[
						46727.2734,
						0,
						0
					],
					[
						47454.5469,
						0,
						0
					],
					[
						47818.18,
						0,
						0
					],
					[
						46909.0909090909,
						3,
						0,
						"Alt Animation"
					],
					[
						47636.3636363637,
						1,
						0,
						"Alt Animation"
					],
					[
						46545.4545454546,
						-1,
						"Screen Shake",
						"23.5, 0.01",
						""
					],
					[
						47090.9090909091,
						1,
						136.363636363636,
						"Alt Animation"
					]
				],
				"mustHitSection": false
			},
			{
				"lengthInSteps": 16,
				"sectionNotes": [
					[
						48909.09,
						0,
						0
					],
					[
						49090.91,
						0,
						0
					],
					[
						49272.7266,
						0,
						0
					],
					[
						48363.6363636364,
						3,
						0,
						"Alt Animation"
					],
					[
						48545.4545454546,
						2,
						0,
						"Alt Animation"
					],
					[
						48727.2727272727,
						1,
						0,
						"Alt Animation"
					],
					[
						48000,
						2,
						136.363636363636,
						"Alt Animation"
					]
				],
				"mustHitSection": false
			},
			{
				"lengthInSteps": 16,
				"sectionNotes": [
					[
						50363.6367,
						0,
						0
					],
					[
						50545.4531,
						0,
						0
					],
					[
						49454.5454545455,
						3,
						0,
						"Alt Animation"
					],
					[
						49636.3636363637,
						3,
						0,
						"Alt Animation"
					],
					[
						49818.1818181818,
						3,
						0,
						"Alt Animation"
					],
					[
						50000,
						2,
						0,
						"Alt Animation"
					],
					[
						50000,
						2,
						0,
						"Alt Animation"
					],
					[
						50000,
						2,
						181.818181818182,
						"Alt Animation"
					],
					[
						50727.2727272727,
						1,
						136.363636363636,
						"Alt Animation"
					]
				],
				"mustHitSection": false
			},
			{
				"lengthInSteps": 16,
				"sectionNotes": [
					[
						51090.91,
						0,
						0
					],
					[
						51818.18,
						0,
						0
					],
					[
						51272.7272727273,
						3,
						0,
						"Alt Animation"
					],
					[
						51636.3636363637,
						2,
						0,
						"Alt Animation"
					],
					[
						52000,
						2,
						0,
						"Alt Animation"
					],
					[
						52181.8181818182,
						3,
						0,
						"Alt Animation"
					],
					[
						51454.5454545455,
						3,
						0
					]
				],
				"mustHitSection": false
			},
			{
				"lengthInSteps": 16,
				"sectionNotes": [
					[
						52363.6367,
						0,
						0
					],
					[
						52727.2734,
						3,
						0
					],
					[
						53272.7266,
						0,
						0
					],
					[
						53454.5469,
						1,
						0
					],
					[
						53636.3633,
						0,
						0
					],
					[
						52545.4545454546,
						0,
						0
					],
					[
						52909.0909090909,
						1,
						136.363636363636
					]
				],
				"mustHitSection": true
			},
			{
				"lengthInSteps": 16,
				"sectionNotes": [
					[
						53818.18,
						2,
						0
					],
					[
						54000,
						2,
						0
					],
					[
						54181.8164,
						3,
						0
					],
					[
						54363.6367,
						2,
						0
					],
					[
						54545.4531,
						1,
						0
					],
					[
						54727.2734,
						0,
						0
					],
					[
						54909.09,
						0,
						0
					],
					[
						55090.91,
						0,
						0
					]
				],
				"mustHitSection": true
			},
			{
				"lengthInSteps": 16,
				"sectionNotes": [
					[
						55272.7266,
						3,
						0
					],
					[
						55454.5469,
						3,
						0
					],
					[
						55636.3633,
						3,
						0
					],
					[
						55818.18,
						2,
						0
					],
					[
						56181.8164,
						0,
						0
					],
					[
						56363.6367,
						0,
						0
					],
					[
						56181.8181818182,
						5,
						0,
						"Hurt Note"
					],
					[
						56363.6363636364,
						4,
						0,
						"Hurt Note"
					],
					[
						56545.4545454546,
						4,
						0,
						"Hurt Note"
					],
					[
						56545.4545454546,
						1,
						0
					],
					[
						56000,
						0,
						0
					]
				],
				"mustHitSection": true
			},
			{
				"lengthInSteps": 16,
				"sectionNotes": [
					[
						56909.09,
						0,
						0
					],
					[
						57090.91,
						3,
						0
					],
					[
						57272.7266,
						3,
						0
					],
					[
						57454.543,
						2,
						0
					],
					[
						57636.3633,
						0,
						0
					],
					[
						57818.18,
						2,
						0
					],
					[
						58000,
						3,
						0
					],
					[
						56727.2727272728,
						7,
						0,
						"Hurt Note"
					],
					[
						56909.0909090909,
						7,
						0,
						"Hurt Note"
					],
					[
						57090.9090909091,
						6,
						0,
						"Hurt Note"
					],
					[
						57272.7272727273,
						7,
						0,
						"Hurt Note"
					],
					[
						57454.5454545455,
						6,
						272.727272727273,
						"Hurt Note"
					],
					[
						57818.1818181818,
						7,
						272.727272727273,
						"Hurt Note"
					],
					[
						56727.2727272728,
						2,
						0
					]
				],
				"mustHitSection": true
			},
			{
				"lengthInSteps": 16,
				"sectionNotes": [
					[
						58181.8164,
						0,
						0
					],
					[
						58363.6367,
						0,
						0
					],
					[
						59090.91,
						0,
						0
					],
					[
						59454.543,
						0,
						0
					],
					[
						58181.8181818182,
						-1,
						"Add Camera Zoom",
						"0.1",
						"0.075"
					],
					[
						58909.0909090909,
						-1,
						"Add Camera Zoom",
						"0.1",
						"0.075"
					],
					[
						59272.7272727273,
						-1,
						"Add Camera Zoom",
						"0.1",
						"0.075"
					],
					[
						58181.8181818182,
						1,
						0,
						"Hurt Note"
					],
					[
						58363.6363636364,
						1,
						0,
						"Hurt Note"
					],
					[
						58454.5454545455,
						2,
						0,
						"Hurt Note"
					],
					[
						58727.2727272728,
						3,
						0,
						"Hurt Note"
					],
					[
						59090.9090909091,
						3,
						0,
						"Hurt Note"
					],
					[
						59090.9090909091,
						2,
						0,
						"Hurt Note"
					],
					[
						59272.7272727273,
						0,
						0,
						"Hurt Note"
					],
					[
						59272.7272727273,
						2,
						0,
						"Hurt Note"
					],
					[
						59545.4545454546,
						0,
						0,
						"Hurt Note"
					],
					[
						58545.4545454546,
						3,
						0,
						"Alt Animation"
					],
					[
						58727.2727272728,
						1,
						0,
						"Alt Animation"
					],
					[
						58909.0909090909,
						1,
						0,
						"Alt Animation"
					]
				],
				"mustHitSection": false
			},
			{
				"lengthInSteps": 16,
				"sectionNotes": [
					[
						60545.4531,
						0,
						0
					],
					[
						60727.2734,
						0,
						0
					],
					[
						60909.09,
						0,
						0
					],
					[
						60000,
						-1,
						"Add Camera Zoom",
						"0.1",
						"0.075"
					],
					[
						60363.6363636364,
						-1,
						"Add Camera Zoom",
						"0.1",
						"0.075"
					],
					[
						59727.2727272728,
						0,
						0,
						"Hurt Note"
					],
					[
						59727.2727272728,
						1,
						0,
						"Hurt Note"
					],
					[
						59727.2727272728,
						3,
						0,
						"Hurt Note"
					],
					[
						60181.8181818182,
						1,
						0,
						"Hurt Note"
					],
					[
						60000,
						1,
						0,
						"Hurt Note"
					],
					[
						59909.0909090909,
						0,
						0,
						"Hurt Note"
					],
					[
						60181.8181818182,
						3,
						0,
						"Hurt Note"
					],
					[
						60363.6363636364,
						0,
						0,
						"Hurt Note"
					],
					[
						60363.6363636364,
						3,
						0,
						"Hurt Note"
					],
					[
						60363.6363636364,
						2,
						0,
						"Hurt Note"
					],
					[
						60272.7272727273,
						0,
						0,
						"Hurt Note"
					],
					[
						60545.4545454546,
						1,
						0,
						"Hurt Note"
					],
					[
						60545.4545454546,
						3,
						0,
						"Hurt Note"
					],
					[
						60636.3636363637,
						2,
						0,
						"Hurt Note"
					],
					[
						60727.2727272728,
						1,
						0,
						"Hurt Note"
					],
					[
						60909.0909090909,
						2,
						0,
						"Hurt Note"
					],
					[
						60909.0909090909,
						3,
						0,
						"Hurt Note"
					],
					[
						59636.3636363637,
						2,
						0,
						"Alt Animation"
					],
					[
						59818.1818181819,
						2,
						0,
						"Alt Animation"
					],
					[
						60000,
						3,
						0,
						"Alt Animation"
					],
					[
						60181.8181818182,
						2,
						0,
						"Alt Animation"
					],
					[
						60363.6363636364,
						1,
						0,
						"Alt Animation"
					]
				],
				"mustHitSection": false
			},
			{
				"lengthInSteps": 16,
				"sectionNotes": [
					[
						62000,
						0,
						0
					],
					[
						62181.8164,
						0,
						0
					],
					[
						62363.6367,
						0,
						0
					],
					[
						61090.9090909091,
						-1,
						"Add Camera Zoom",
						"0.1",
						"0.075"
					],
					[
						61818.1818181819,
						-1,
						"Add Camera Zoom",
						"0.1",
						"0.075"
					],
					[
						62181.8181818182,
						-1,
						"Add Camera Zoom",
						"0.1",
						"0.075"
					],
					[
						61272.7272727273,
						1,
						0,
						"Hurt Note"
					],
					[
						61272.7272727273,
						0,
						0,
						"Hurt Note"
					],
					[
						61090.9090909091,
						2,
						0,
						"Hurt Note"
					],
					[
						61454.5454545455,
						0,
						0,
						"Hurt Note"
					],
					[
						61454.5454545455,
						2,
						0,
						"Hurt Note"
					],
					[
						61636.3636363637,
						1,
						0,
						"Hurt Note"
					],
					[
						61636.3636363637,
						1,
						0,
						"Hurt Note"
					],
					[
						61727.2727272728,
						1,
						0,
						"Hurt Note"
					],
					[
						61818.1818181819,
						3,
						0,
						"Hurt Note"
					],
					[
						62000,
						1,
						0,
						"Hurt Note"
					],
					[
						62181.8181818182,
						1,
						0,
						"Hurt Note"
					],
					[
						62363.6363636364,
						1,
						0,
						"Hurt Note"
					],
					[
						62090.9090909091,
						3,
						0,
						"Hurt Note"
					],
					[
						62363.6363636364,
						3,
						0,
						"Hurt Note"
					],
					[
						62272.7272727273,
						2,
						0,
						"Hurt Note"
					],
					[
						61636.3636363637,
						-1,
						"Screen Shake",
						"25",
						"0.015"
					],
					[
						61090.9090909091,
						3,
						0,
						"Alt Animation"
					],
					[
						61272.7272727273,
						3,
						0,
						"Alt Animation"
					],
					[
						61454.5454545455,
						3,
						0,
						"Alt Animation"
					],
					[
						61636.3636363637,
						2,
						0,
						"Alt Animation"
					],
					[
						61818.1818181819,
						2,
						0,
						"Alt Animation"
					]
				],
				"mustHitSection": false
			},
			{
				"lengthInSteps": 16,
				"sectionNotes": [
					[
						63090.91,
						0,
						0
					],
					[
						63454.543,
						0,
						0
					],
					[
						62909.0909090909,
						-1,
						"Add Camera Zoom",
						"0.1",
						"0.075"
					],
					[
						63272.7272727273,
						-1,
						"Add Camera Zoom",
						"0.1",
						"0.075"
					],
					[
						62545.4545454546,
						1,
						0,
						"Hurt Note"
					],
					[
						62727.2727272728,
						1,
						0,
						"Hurt Note"
					],
					[
						62909.0909090909,
						3,
						0,
						"Hurt Note"
					],
					[
						62818.1818181819,
						0,
						0,
						"Hurt Note"
					],
					[
						62909.0909090909,
						1,
						0,
						"Hurt Note"
					],
					[
						63090.9090909091,
						2,
						0,
						"Hurt Note"
					],
					[
						63272.7272727273,
						2,
						0,
						"Hurt Note"
					],
					[
						63272.7272727273,
						3,
						0,
						"Hurt Note"
					],
					[
						63454.5454545455,
						1,
						0,
						"Hurt Note"
					],
					[
						63454.5454545455,
						3,
						0,
						"Hurt Note"
					],
					[
						63636.3636363637,
						1,
						0,
						"Hurt Note"
					],
					[
						63818.1818181819,
						0,
						0,
						"Hurt Note"
					],
					[
						63818.1818181819,
						1,
						0,
						"Hurt Note"
					],
					[
						63818.1818181819,
						2,
						0,
						"Hurt Note"
					],
					[
						62545.4545454546,
						2,
						0,
						"Alt Animation"
					],
					[
						62727.2727272728,
						3,
						0,
						"Alt Animation"
					],
					[
						62909.0909090909,
						2,
						0,
						"Alt Animation"
					],
					[
						63272.7272727273,
						1,
						0,
						"Alt Animation"
					],
					[
						63636.3636363637,
						2,
						0,
						"Alt Animation"
					],
					[
						63818.1818181819,
						3,
						0,
						"Alt Animation"
					]
				],
				"mustHitSection": false
			},
			{
				"lengthInSteps": 16,
				"sectionNotes": [
					[
						64000,
						0,
						0
					],
					[
						64181.8164,
						0,
						0
					],
					[
						64363.6367,
						3,
						0
					],
					[
						64545.4531,
						1,
						0
					],
					[
						64727.2734,
						1,
						0
					],
					[
						64909.09,
						0,
						0
					],
					[
						65090.91,
						1,
						0
					],
					[
						65272.7266,
						0,
						0
					],
					[
						64000,
						-1,
						"Add Camera Zoom",
						"0.1",
						"0.075"
					],
					[
						64727.2727272728,
						-1,
						"Add Camera Zoom",
						"0.1",
						"0.075"
					],
					[
						65090.9090909091,
						-1,
						"Add Camera Zoom",
						"0.1",
						"0.075"
					],
					[
						64000,
						1,
						0,
						"Hurt Note"
					],
					[
						64181.8181818182,
						1,
						0,
						"Hurt Note"
					],
					[
						64363.6363636364,
						2,
						0,
						"Hurt Note"
					],
					[
						64363.6363636364,
						1,
						0,
						"Hurt Note"
					],
					[
						64545.4545454546,
						0,
						0,
						"Hurt Note"
					],
					[
						64636.3636363637,
						2,
						0,
						"Hurt Note"
					],
					[
						64727.2727272728,
						0,
						0,
						"Hurt Note"
					],
					[
						64909.0909090909,
						2,
						0,
						"Hurt Note"
					],
					[
						64909.0909090909,
						3,
						0,
						"Hurt Note"
					],
					[
						65090.9090909091,
						0,
						0,
						"Hurt Note"
					],
					[
						65090.9090909091,
						3,
						0,
						"Hurt Note"
					],
					[
						65272.7272727273,
						1,
						0,
						"Hurt Note"
					],
					[
						65272.7272727273,
						3,
						0,
						"Hurt Note"
					]
				],
				"mustHitSection": true
			},
			{
				"lengthInSteps": 16,
				"sectionNotes": [
					[
						65454.543,
						2,
						0
					],
					[
						65636.36,
						2,
						0
					],
					[
						65818.18,
						3,
						0
					],
					[
						66000,
						2,
						0
					],
					[
						66181.82,
						1,
						0
					],
					[
						66363.63,
						0,
						0
					],
					[
						66545.45,
						0,
						0
					],
					[
						66727.27,
						0,
						0
					],
					[
						65818.1818181819,
						-1,
						"Add Camera Zoom",
						"0.1",
						"0.075"
					],
					[
						66181.8181818182,
						-1,
						"Add Camera Zoom",
						"0.1",
						"0.075"
					],
					[
						65454.5454545455,
						1,
						0,
						"Hurt Note"
					],
					[
						65454.5454545455,
						0,
						0,
						"Hurt Note"
					],
					[
						65636.3636363637,
						1,
						0,
						"Hurt Note"
					],
					[
						65636.3636363637,
						3,
						0,
						"Hurt Note"
					],
					[
						65818.1818181819,
						2,
						0,
						"Hurt Note"
					],
					[
						65818.1818181819,
						1,
						0,
						"Hurt Note"
					],
					[
						66000,
						3,
						0,
						"Hurt Note"
					],
					[
						66090.9090909091,
						0,
						0,
						"Hurt Note"
					],
					[
						66181.8181818182,
						0,
						0,
						"Hurt Note"
					],
					[
						66181.8181818182,
						3,
						0,
						"Hurt Note"
					],
					[
						66363.6363636364,
						2,
						0,
						"Hurt Note"
					],
					[
						66545.4545454546,
						3,
						0,
						"Hurt Note"
					],
					[
						66363.6363636364,
						3,
						0,
						"Hurt Note"
					],
					[
						66727.2727272728,
						1,
						0,
						"Hurt Note"
					],
					[
						66727.2727272728,
						2,
						0,
						"Hurt Note"
					],
					[
						66818.1818181819,
						2,
						0,
						"Hurt Note"
					]
				],
				"mustHitSection": true
			},
			{
				"lengthInSteps": 16,
				"sectionNotes": [
					[
						66909.09,
						3,
						0
					],
					[
						67090.91,
						3,
						0
					],
					[
						67454.55,
						2,
						0
					],
					[
						67636.36,
						2,
						0
					],
					[
						67818.18,
						0,
						0
					],
					[
						68000,
						0,
						0
					],
					[
						68181.82,
						0,
						0
					],
					[
						66909.0909090909,
						-1,
						"Add Camera Zoom",
						"0.1",
						"0.075"
					],
					[
						67454.5454545455,
						-1,
						"Add Camera Zoom",
						"0.1",
						"0.075"
					],
					[
						67636.3636363637,
						-1,
						"Add Camera Zoom",
						"0.1",
						"0.075"
					],
					[
						68000,
						-1,
						"Add Camera Zoom",
						"0.1",
						"0.075"
					],
					[
						67000,
						1,
						0,
						"Hurt Note"
					],
					[
						67000,
						2,
						0,
						"Hurt Note"
					],
					[
						67272.7272727273,
						3,
						0
					],
					[
						67272.7272727273,
						0,
						0,
						"Hurt Note"
					],
					[
						67272.7272727273,
						2,
						0,
						"Hurt Note"
					],
					[
						67090.9090909091,
						2,
						0,
						"Hurt Note"
					],
					[
						66909.0909090909,
						0,
						0,
						"Hurt Note"
					],
					[
						67454.5454545455,
						1,
						0,
						"Hurt Note"
					],
					[
						67545.4545454546,
						1,
						0,
						"Hurt Note"
					],
					[
						67545.4545454546,
						3,
						0,
						"Hurt Note"
					],
					[
						67636.3636363637,
						3,
						0,
						"Hurt Note"
					],
					[
						67727.2727272728,
						1,
						0,
						"Hurt Note"
					],
					[
						68000,
						1,
						0,
						"Hurt Note"
					],
					[
						67909.0909090909,
						1,
						0,
						"Hurt Note"
					],
					[
						68090.9090909091,
						2,
						0,
						"Hurt Note"
					],
					[
						68181.8181818182,
						1,
						0,
						"Hurt Note"
					],
					[
						68181.8181818182,
						3,
						0,
						"Hurt Note"
					],
					[
						68000,
						3,
						0,
						"Hurt Note"
					],
					[
						67909.0909090909,
						2,
						0,
						"Hurt Note"
					]
				],
				"mustHitSection": true
			},
			{
				"lengthInSteps": 16,
				"sectionNotes": [
					[
						68545.45,
						3,
						0
					],
					[
						68909.09,
						0,
						0
					],
					[
						69090.91,
						1,
						0
					],
					[
						69272.73,
						0,
						0
					],
					[
						69454.55,
						2,
						0
					],
					[
						69636.36,
						3,
						0
					],
					[
						68727.2727272728,
						-1,
						"Add Camera Zoom",
						"0.1",
						"0.075"
					],
					[
						69090.9090909091,
						-1,
						"Add Camera Zoom",
						"0.1",
						"0.075"
					],
					[
						69727.2727272728,
						-1,
						"Screen Shake",
						"0, 0",
						""
					],
					[
						68363.6363636364,
						1,
						0,
						"Hurt Note"
					],
					[
						68727.2727272728,
						3,
						0,
						"Hurt Note"
					],
					[
						68545.4545454546,
						0,
						0,
						"Hurt Note"
					],
					[
						68545.4545454546,
						1,
						0,
						"Hurt Note"
					],
					[
						68818.1818181819,
						1,
						0,
						"Hurt Note"
					],
					[
						69000,
						2,
						0,
						"Hurt Note"
					],
					[
						69000,
						3,
						0,
						"Hurt Note"
					],
					[
						69090.9090909091,
						0,
						0,
						"Hurt Note"
					],
					[
						69090.9090909091,
						2,
						0,
						"Hurt Note"
					],
					[
						69272.7272727273,
						1,
						0,
						"Hurt Note"
					],
					[
						69272.7272727273,
						2,
						0,
						"Hurt Note"
					],
					[
						69454.5454545455,
						1,
						0,
						"Hurt Note"
					],
					[
						69454.5454545455,
						3,
						0,
						"Hurt Note"
					],
					[
						69636.3636363637,
						2,
						0,
						"Hurt Note"
					],
					[
						69636.3636363637,
						1,
						0,
						"Hurt Note"
					],
					[
						68727.2727272728,
						2,
						0
					],
					[
						68363.6363636364,
						2,
						0
					]
				],
				"mustHitSection": true
			},
			{
				"lengthInSteps": 16,
				"sectionNotes": [
					[
						69818.18,
						5,
						272.727264
					],
					[
						70000,
						0,
						0
					],
					[
						69818.1818181819,
						-1,
						"Screen Shake",
						"0, 0",
						""
					],
					[
						70090.9090909091,
						4,
						0,
						"Hurt Note"
					],
					[
						70090.9090909091,
						6,
						0,
						"Hurt Note"
					],
					[
						70090.9090909091,
						7,
						0,
						"Hurt Note"
					],
					[
						70545.4545454546,
						7,
						0,
						"Hurt Note"
					],
					[
						70727.2727272728,
						7,
						0,
						"Hurt Note"
					],
					[
						70909.0909090909,
						5,
						0,
						"Hurt Note"
					],
					[
						70181.8181818182,
						3,
						0,
						"Hurt Note"
					],
					[
						70000,
						1,
						0,
						"Hurt Note"
					],
					[
						70090.9090909091,
						1,
						0,
						"Hurt Note"
					],
					[
						70272.7272727273,
						1,
						0,
						"Hurt Note"
					],
					[
						70272.7272727273,
						0,
						0,
						"Hurt Note"
					],
					[
						70636.3636363637,
						2,
						0,
						"Hurt Note"
					],
					[
						70636.3636363637,
						1,
						0,
						"Hurt Note"
					],
					[
						70545.4545454546,
						0,
						0,
						"Hurt Note"
					],
					[
						70909.0909090909,
						3,
						0,
						"Hurt Note"
					],
					[
						70909.0909090909,
						0,
						0,
						"Hurt Note"
					],
					[
						71090.9090909091,
						2,
						0,
						"Hurt Note"
					],
					[
						70181.8181818182,
						2,
						181.818181818182,
						"Alt Animation"
					],
					[
						70545.4545454546,
						3,
						0,
						"Alt Animation"
					],
					[
						70727.2727272728,
						3,
						0,
						"Alt Animation"
					],
					[
						70909.0909090909,
						1,
						272.727272727273,
						"Alt Animation"
					]
				],
				"mustHitSection": false
			},
			{
				"lengthInSteps": 16,
				"sectionNotes": [
					[
						72363.63,
						0,
						0
					],
					[
						71272.7272727273,
						6,
						0,
						"Hurt Note"
					],
					[
						71636.3636363637,
						7,
						0,
						"Hurt Note"
					],
					[
						72000,
						6,
						0,
						"Hurt Note"
					],
					[
						72363.6363636364,
						4,
						0,
						"Hurt Note"
					],
					[
						72545.4545454546,
						7,
						0,
						"Hurt Note"
					],
					[
						71272.7272727273,
						1,
						0,
						"Hurt Note"
					],
					[
						71272.7272727273,
						0,
						0,
						"Hurt Note"
					],
					[
						71454.5454545455,
						3,
						0,
						"Hurt Note"
					],
					[
						71636.3636363637,
						1,
						0,
						"Hurt Note"
					],
					[
						72000,
						0,
						0,
						"Hurt Note"
					],
					[
						72000,
						3,
						0,
						"Hurt Note"
					],
					[
						72181.8181818182,
						0,
						0,
						"Hurt Note"
					],
					[
						72363.6363636364,
						1,
						0,
						"Hurt Note"
					],
					[
						72363.6363636364,
						2,
						0,
						"Hurt Note"
					],
					[
						72545.4545454546,
						2,
						0,
						"Hurt Note"
					],
					[
						71272.7272727273,
						2,
						90.9090909090909,
						"Alt Animation"
					],
					[
						71636.3636363637,
						3,
						0,
						"Alt Animation"
					],
					[
						72000,
						2,
						0,
						"Alt Animation"
					],
					[
						72545.4545454546,
						3,
						0,
						"Alt Animation"
					]
				],
				"mustHitSection": false
			},
			{
				"lengthInSteps": 16,
				"sectionNotes": [
					[
						72909.09,
						0,
						0
					],
					[
						72909.0909090909,
						4,
						0,
						"Hurt Note"
					],
					[
						73090.9090909091,
						6,
						0,
						"Hurt Note"
					],
					[
						73454.5454545455,
						7,
						0,
						"Hurt Note"
					],
					[
						73636.3636363637,
						7,
						0,
						"Hurt Note"
					],
					[
						73818.1818181819,
						5,
						0,
						"Hurt Note"
					],
					[
						72818.1818181819,
						1,
						0,
						"Hurt Note"
					],
					[
						72818.1818181819,
						2,
						0,
						"Hurt Note"
					],
					[
						72909.0909090909,
						3,
						0,
						"Hurt Note"
					],
					[
						73181.8181818182,
						0,
						0,
						"Hurt Note"
					],
					[
						73272.7272727273,
						1,
						0,
						"Hurt Note"
					],
					[
						73090.9090909091,
						3,
						0,
						"Hurt Note"
					],
					[
						73090.9090909091,
						1,
						0,
						"Hurt Note"
					],
					[
						73272.7272727273,
						3,
						0,
						"Hurt Note"
					],
					[
						73454.5454545455,
						2,
						0,
						"Hurt Note"
					],
					[
						73545.4545454546,
						0,
						0,
						"Hurt Note"
					],
					[
						73636.3636363637,
						2,
						0,
						"Hurt Note"
					],
					[
						73818.1818181819,
						2,
						0,
						"Hurt Note"
					],
					[
						73818.1818181819,
						3,
						0,
						"Hurt Note"
					],
					[
						73818.1818181819,
						0,
						0,
						"Hurt Note"
					],
					[
						73090.9090909091,
						2,
						181.818181818182,
						"Alt Animation"
					],
					[
						73454.5454545455,
						3,
						0,
						"Alt Animation"
					],
					[
						73636.3636363637,
						3,
						0,
						"Alt Animation"
					],
					[
						73818.1818181819,
						1,
						272.727272727273,
						"Alt Animation"
					]
				],
				"mustHitSection": false
			},
			{
				"lengthInSteps": 16,
				"sectionNotes": [
					[
						74181.82,
						0,
						272.727264
					],
					[
						74181.8181818182,
						4,
						0,
						"Hurt Note"
					],
					[
						74545.4545454546,
						5,
						0,
						"Hurt Note"
					],
					[
						74909.0909090909,
						7,
						0,
						"Hurt Note"
					],
					[
						75000,
						7,
						0,
						"Hurt Note"
					],
					[
						75090.9090909091,
						5,
						0,
						"Hurt Note"
					],
					[
						75272.7272727273,
						6,
						0,
						"Hurt Note"
					],
					[
						75454.5454545455,
						7,
						0,
						"Hurt Note"
					],
					[
						74181.8181818182,
						3,
						0,
						"Hurt Note"
					],
					[
						74545.4545454546,
						3,
						0,
						"Hurt Note"
					],
					[
						74909.0909090909,
						0,
						0,
						"Hurt Note"
					],
					[
						75272.7272727273,
						1,
						0,
						"Hurt Note"
					],
					[
						75454.5454545455,
						2,
						0,
						"Hurt Note"
					],
					[
						75454.5454545455,
						0,
						0,
						"Hurt Note"
					],
					[
						74545.4545454546,
						1,
						90.9090909090909,
						"Alt Animation"
					],
					[
						75272.7272727273,
						2,
						0,
						"Alt Animation"
					],
					[
						75454.5454545455,
						3,
						0,
						"Alt Animation"
					],
					[
						74909.0909090909,
						3,
						227.272727272727
					]
				],
				"mustHitSection": false
			},
			{
				"lengthInSteps": 16,
				"sectionNotes": [
					[
						75818.18,
						0,
						0
					],
					[
						76000,
						2,
						181.818176
					],
					[
						76363.63,
						3,
						0
					],
					[
						76545.45,
						3,
						0
					],
					[
						76727.27,
						1,
						272.727264
					],
					[
						75818.1818181819,
						1,
						0,
						"Hurt Note"
					],
					[
						76000,
						3,
						0,
						"Hurt Note"
					],
					[
						76363.6363636364,
						2,
						0,
						"Hurt Note"
					],
					[
						76545.4545454546,
						2,
						0,
						"Hurt Note"
					],
					[
						76727.2727272728,
						2,
						0,
						"Hurt Note"
					],
					[
						76727.2727272728,
						0,
						0,
						"Hurt Note"
					],
					[
						75636.3636363637,
						4,
						0,
						"Hurt Note"
					],
					[
						75727.2727272728,
						6,
						0,
						"Hurt Note"
					],
					[
						75818.1818181819,
						7,
						0,
						"Hurt Note"
					],
					[
						76000,
						5,
						0,
						"Hurt Note"
					],
					[
						76090.9090909091,
						4,
						0,
						"Hurt Note"
					],
					[
						76272.7272727273,
						6,
						0,
						"Hurt Note"
					],
					[
						76454.5454545455,
						5,
						0,
						"Hurt Note"
					],
					[
						76636.3636363637,
						5,
						0,
						"Hurt Note"
					],
					[
						76909.090909091,
						7,
						0,
						"Hurt Note"
					],
					[
						76909.090909091,
						3,
						0,
						"Hurt Note"
					],
					[
						76909.090909091,
						5,
						0,
						"Hurt Note"
					],
					[
						76636.3636363637,
						7,
						0,
						"Hurt Note"
					],
					[
						76545.4545454546,
						4,
						0,
						"Hurt Note"
					],
					[
						76181.8181818182,
						7,
						0,
						"Hurt Note"
					],
					[
						75727.2727272728,
						4,
						0,
						"Hurt Note"
					],
					[
						75636.3636363637,
						7,
						0,
						"Hurt Note"
					]
				],
				"mustHitSection": true
			},
			{
				"lengthInSteps": 16,
				"sectionNotes": [
					[
						77090.91,
						2,
						181.818176
					],
					[
						77454.55,
						3,
						0
					],
					[
						77818.18,
						2,
						0
					],
					[
						78181.82,
						0,
						0
					],
					[
						78363.63,
						3,
						0
					],
					[
						77090.9090909091,
						0,
						0,
						"Hurt Note"
					],
					[
						77454.5454545455,
						2,
						0,
						"Hurt Note"
					],
					[
						77454.5454545455,
						0,
						0,
						"Hurt Note"
					],
					[
						77818.1818181819,
						1,
						0,
						"Hurt Note"
					],
					[
						77818.1818181819,
						3,
						0,
						"Hurt Note"
					],
					[
						78181.8181818182,
						2,
						0,
						"Hurt Note"
					],
					[
						78181.8181818182,
						3,
						0,
						"Hurt Note"
					],
					[
						78363.6363636364,
						1,
						0,
						"Hurt Note"
					],
					[
						78363.6363636364,
						2,
						0,
						"Hurt Note"
					],
					[
						77272.7272727273,
						4,
						0,
						"Hurt Note"
					],
					[
						77454.5454545455,
						6,
						0,
						"Hurt Note"
					],
					[
						77727.2727272728,
						5,
						0,
						"Hurt Note"
					],
					[
						78090.9090909091,
						3,
						0,
						"Hurt Note"
					],
					[
						78363.6363636364,
						6,
						0,
						"Hurt Note"
					],
					[
						78181.8181818182,
						7,
						0,
						"Hurt Note"
					],
					[
						78000,
						4,
						0,
						"Hurt Note"
					],
					[
						77818.1818181819,
						7,
						0,
						"Hurt Note"
					],
					[
						77363.6363636364,
						4,
						0,
						"Hurt Note"
					],
					[
						77181.8181818182,
						7,
						0,
						"Hurt Note"
					],
					[
						77090.9090909091,
						5,
						0,
						"Hurt Note"
					]
				],
				"mustHitSection": true
			},
			{
				"lengthInSteps": 16,
				"sectionNotes": [
					[
						78727.27,
						0,
						0
					],
					[
						78909.09,
						2,
						181.818176
					],
					[
						79272.73,
						3,
						0
					],
					[
						79454.55,
						3,
						0
					],
					[
						79636.36,
						1,
						272.727264
					],
					[
						78727.2727272728,
						2,
						0,
						"Hurt Note"
					],
					[
						78909.090909091,
						1,
						0,
						"Hurt Note"
					],
					[
						78909.090909091,
						0,
						0,
						"Hurt Note"
					],
					[
						79000,
						3,
						0,
						"Hurt Note"
					],
					[
						79272.7272727273,
						2,
						0,
						"Hurt Note"
					],
					[
						79454.5454545455,
						0,
						0,
						"Hurt Note"
					],
					[
						79454.5454545455,
						1,
						0,
						"Hurt Note"
					],
					[
						79727.2727272728,
						2,
						0,
						"Hurt Note"
					],
					[
						79727.2727272728,
						3,
						0,
						"Hurt Note"
					],
					[
						79636.3636363637,
						0,
						0,
						"Hurt Note"
					],
					[
						78727.2727272728,
						5,
						0,
						"Hurt Note"
					],
					[
						78727.2727272728,
						4,
						0,
						"Hurt Note"
					],
					[
						78818.1818181819,
						6,
						0,
						"Hurt Note"
					],
					[
						79000,
						5,
						0,
						"Hurt Note"
					],
					[
						79272.7272727273,
						5,
						0,
						"Hurt Note"
					],
					[
						79454.5454545455,
						6,
						0,
						"Hurt Note"
					],
					[
						79636.3636363637,
						6,
						0,
						"Hurt Note"
					],
					[
						79727.2727272728,
						5,
						0,
						"Hurt Note"
					],
					[
						79818.1818181819,
						7,
						0,
						"Hurt Note"
					],
					[
						79454.5454545455,
						4,
						0,
						"Hurt Note"
					],
					[
						79090.9090909091,
						7,
						0,
						"Hurt Note"
					],
					[
						78545.4545454546,
						7,
						0,
						"Hurt Note"
					]
				],
				"mustHitSection": true
			},
			{
				"lengthInSteps": 16,
				"sectionNotes": [
					[
						80000,
						0,
						272.727264
					],
					[
						80363.63,
						1,
						0
					],
					[
						80727.27,
						3,
						0
					],
					[
						80818.18,
						3,
						0
					],
					[
						80909.09,
						1,
						0
					],
					[
						81090.91,
						2,
						0
					],
					[
						81272.73,
						3,
						0
					],
					[
						80000,
						1,
						0,
						"Hurt Note"
					],
					[
						80000,
						2,
						0,
						"Hurt Note"
					],
					[
						80363.6363636364,
						2,
						0,
						"Hurt Note"
					],
					[
						80727.2727272728,
						2,
						0,
						"Hurt Note"
					],
					[
						80818.1818181819,
						2,
						0,
						"Hurt Note"
					],
					[
						80909.090909091,
						0,
						0,
						"Hurt Note"
					],
					[
						81363.6363636364,
						3,
						0,
						"Hurt Note"
					],
					[
						80363.6363636364,
						6,
						0,
						"Hurt Note"
					],
					[
						80454.5454545455,
						5,
						0,
						"Hurt Note"
					],
					[
						80090.9090909091,
						7,
						0,
						"Hurt Note"
					],
					[
						80181.8181818182,
						7,
						0,
						"Hurt Note"
					],
					[
						80636.3636363637,
						6,
						0,
						"Hurt Note"
					],
					[
						81090.9090909091,
						6,
						0,
						"Hurt Note"
					],
					[
						81181.8181818182,
						5,
						0,
						"Hurt Note"
					],
					[
						80818.1818181819,
						4,
						0,
						"Hurt Note"
					],
					[
						80818.1818181819,
						7,
						0,
						"Hurt Note"
					],
					[
						80090.9090909091,
						4,
						0,
						"Hurt Note"
					]
				],
				"mustHitSection": true
			},
			{
				"lengthInSteps": 16,
				"sectionNotes": [
					[
						81636.3636363637,
						4,
						0,
						"Hurt Note"
					],
					[
						81727.2727272728,
						4,
						0,
						"Hurt Note"
					],
					[
						81818.1818181819,
						6,
						0,
						"Hurt Note"
					],
					[
						82181.8181818182,
						7,
						0,
						"Hurt Note"
					],
					[
						82363.6363636364,
						7,
						0,
						"Hurt Note"
					],
					[
						82545.4545454546,
						5,
						0,
						"Hurt Note"
					],
					[
						81636.3636363637,
						1,
						0,
						"Hurt Note"
					],
					[
						81727.2727272728,
						3,
						0,
						"Hurt Note"
					],
					[
						81818.1818181819,
						1,
						0,
						"Hurt Note"
					],
					[
						82181.8181818182,
						1,
						0,
						"Hurt Note"
					],
					[
						82272.7272727273,
						0,
						0,
						"Hurt Note"
					],
					[
						82363.6363636364,
						2,
						0,
						"Hurt Note"
					],
					[
						82545.4545454546,
						2,
						0,
						"Hurt Note"
					],
					[
						82545.4545454546,
						0,
						409.090909090909,
						"Hurt Note"
					],
					[
						81818.1818181819,
						2,
						181.818181818182,
						"Alt Animation"
					],
					[
						82181.8181818182,
						3,
						0,
						"Alt Animation"
					],
					[
						82363.6363636364,
						3,
						0,
						"Alt Animation"
					],
					[
						82545.4545454546,
						1,
						272.727272727273,
						"Alt Animation"
					],
					[
						81636.3636363637,
						0,
						90.9090909090909,
						"Alt Animation"
					]
				],
				"mustHitSection": false
			},
			{
				"lengthInSteps": 16,
				"sectionNotes": [
					[
						84000,
						0,
						0
					],
					[
						82909.090909091,
						6,
						0,
						"Hurt Note"
					],
					[
						83272.7272727273,
						7,
						0,
						"Hurt Note"
					],
					[
						83636.3636363637,
						6,
						0,
						"Hurt Note"
					],
					[
						84000,
						4,
						0,
						"Hurt Note"
					],
					[
						84181.8181818182,
						7,
						0,
						"Hurt Note"
					],
					[
						82909.090909091,
						3,
						0,
						"Hurt Note"
					],
					[
						83000,
						1,
						0,
						"Hurt Note"
					],
					[
						83272.7272727273,
						1,
						0,
						"Hurt Note"
					],
					[
						83636.3636363637,
						3,
						0,
						"Hurt Note"
					],
					[
						83636.3636363637,
						0,
						0,
						"Hurt Note"
					],
					[
						83818.1818181819,
						2,
						0,
						"Hurt Note"
					],
					[
						84000,
						1,
						0,
						"Hurt Note"
					],
					[
						84000,
						2,
						0,
						"Hurt Note"
					],
					[
						84181.8181818182,
						2,
						0,
						"Hurt Note"
					],
					[
						82909.090909091,
						2,
						181.818181818182,
						"Alt Animation"
					],
					[
						83272.7272727273,
						3,
						0,
						"Alt Animation"
					],
					[
						83636.3636363637,
						2,
						0,
						"Alt Animation"
					],
					[
						84181.8181818182,
						3,
						0,
						"Alt Animation"
					]
				],
				"mustHitSection": false
			},
			{
				"lengthInSteps": 16,
				"sectionNotes": [
					[
						84545.45,
						0,
						0
					],
					[
						84545.4545454546,
						4,
						0,
						"Hurt Note"
					],
					[
						84545.4545454546,
						5,
						0,
						"Hurt Note"
					],
					[
						84727.2727272728,
						5,
						0,
						"Hurt Note"
					],
					[
						84727.2727272728,
						6,
						0,
						"Hurt Note"
					],
					[
						85000,
						7,
						0,
						"Hurt Note"
					],
					[
						85000,
						6,
						0,
						"Hurt Note"
					],
					[
						85272.7272727273,
						7,
						0,
						"Hurt Note"
					],
					[
						85272.7272727273,
						5,
						0,
						"Hurt Note"
					],
					[
						85454.5454545455,
						4,
						0,
						"Hurt Note"
					],
					[
						85454.5454545455,
						5,
						0,
						"Hurt Note"
					],
					[
						85454.5454545455,
						7,
						0,
						"Hurt Note"
					],
					[
						84545.4545454546,
						1,
						0,
						"Hurt Note"
					],
					[
						84454.5454545455,
						2,
						0,
						"Hurt Note"
					],
					[
						84545.4545454546,
						3,
						0,
						"Hurt Note"
					],
					[
						84727.2727272728,
						0,
						0,
						"Hurt Note"
					],
					[
						84818.1818181819,
						1,
						0,
						"Hurt Note"
					],
					[
						85000,
						1,
						0,
						"Hurt Note"
					],
					[
						85181.8181818182,
						0,
						0,
						"Hurt Note"
					],
					[
						85181.8181818182,
						1,
						0,
						"Hurt Note"
					],
					[
						84818.1818181819,
						3,
						0,
						"Hurt Note"
					],
					[
						85454.5454545455,
						3,
						0,
						"Hurt Note"
					],
					[
						85545.4545454546,
						3,
						0,
						"Hurt Note"
					],
					[
						85363.6363636364,
						0,
						0,
						"Hurt Note"
					],
					[
						84727.2727272728,
						2,
						181.818181818182,
						"Alt Animation"
					],
					[
						85090.9090909091,
						3,
						0,
						"Alt Animation"
					],
					[
						85272.7272727273,
						3,
						0,
						"Alt Animation"
					],
					[
						85454.5454545455,
						1,
						272.727272727273,
						"Alt Animation"
					]
				],
				"mustHitSection": false
			},
			{
				"lengthInSteps": 16,
				"sectionNotes": [
					[
						85818.18,
						0,
						272.727264
					],
					[
						85818.1818181819,
						4,
						0,
						"Hurt Note"
					],
					[
						85818.1818181819,
						7,
						0,
						"Hurt Note"
					],
					[
						85818.1818181819,
						6,
						0,
						"Hurt Note"
					],
					[
						86181.8181818182,
						5,
						0,
						"Hurt Note"
					],
					[
						86181.8181818182,
						6,
						0,
						"Hurt Note"
					],
					[
						86181.8181818182,
						4,
						0,
						"Hurt Note"
					],
					[
						86545.4545454546,
						7,
						0,
						"Hurt Note"
					],
					[
						86545.4545454546,
						6,
						0,
						"Hurt Note"
					],
					[
						86545.4545454546,
						4,
						0,
						"Hurt Note"
					],
					[
						86636.3636363637,
						7,
						0,
						"Hurt Note"
					],
					[
						86636.3636363637,
						5,
						0,
						"Hurt Note"
					],
					[
						86636.3636363637,
						4,
						0,
						"Hurt Note"
					],
					[
						86727.2727272728,
						5,
						0,
						"Hurt Note"
					],
					[
						86727.2727272728,
						6,
						0,
						"Hurt Note"
					],
					[
						86909.090909091,
						6,
						0,
						"Hurt Note"
					],
					[
						86909.090909091,
						5,
						0,
						"Hurt Note"
					],
					[
						86909.090909091,
						7,
						0,
						"Hurt Note"
					],
					[
						87090.9090909091,
						6,
						0,
						"Hurt Note"
					],
					[
						87090.9090909091,
						7,
						0,
						"Hurt Note"
					],
					[
						85909.090909091,
						3,
						0,
						"Hurt Note"
					],
					[
						86000,
						3,
						0,
						"Hurt Note"
					],
					[
						86090.9090909091,
						2,
						0,
						"Hurt Note"
					],
					[
						86272.7272727273,
						3,
						0,
						"Hurt Note"
					],
					[
						86272.7272727273,
						0,
						0,
						"Hurt Note"
					],
					[
						86181.8181818182,
						2,
						0,
						"Hurt Note"
					],
					[
						86454.5454545455,
						1,
						0,
						"Hurt Note"
					],
					[
						86454.5454545455,
						0,
						0,
						"Hurt Note"
					],
					[
						86545.4545454546,
						2,
						0,
						"Hurt Note"
					],
					[
						86727.2727272728,
						0,
						0,
						"Hurt Note"
					],
					[
						86909.090909091,
						1,
						0,
						"Hurt Note"
					],
					[
						87090.9090909091,
						2,
						0,
						"Hurt Note"
					],
					[
						86181.8181818182,
						1,
						0,
						"Alt Animation"
					],
					[
						86727.2727272728,
						1,
						0,
						"Alt Animation"
					],
					[
						86909.090909091,
						2,
						0,
						"Alt Animation"
					],
					[
						87090.9090909091,
						3,
						0,
						"Alt Animation"
					],
					[
						86545.4545454546,
						3,
						90.9090909090909
					]
				],
				"mustHitSection": false
			},
			{
				"lengthInSteps": 16,
				"sectionNotes": [
					[
						87636.36,
						2,
						181.818176
					],
					[
						88000,
						3,
						0
					],
					[
						88181.82,
						3,
						0
					],
					[
						88363.63,
						1,
						272.727264
					],
					[
						87454.5454545455,
						1,
						0,
						"Hurt Note"
					],
					[
						87545.4545454546,
						1,
						0,
						"Hurt Note"
					],
					[
						87636.3636363637,
						3,
						0,
						"Hurt Note"
					],
					[
						88000,
						1,
						0,
						"Hurt Note"
					],
					[
						88000,
						0,
						0,
						"Hurt Note"
					],
					[
						88181.8181818182,
						2,
						0,
						"Hurt Note"
					],
					[
						88363.6363636364,
						2,
						0,
						"Hurt Note"
					],
					[
						87454.5454545455,
						0,
						90.9090909090909
					]
				],
				"mustHitSection": true
			},
			{
				"lengthInSteps": 16,
				"sectionNotes": [
					[
						88727.27,
						2,
						181.818176
					],
					[
						89090.91,
						3,
						0
					],
					[
						89454.55,
						2,
						0
					],
					[
						89818.18,
						0,
						0
					],
					[
						90000,
						3,
						0
					],
					[
						89090.9090909091,
						2,
						0,
						"Hurt Note"
					],
					[
						89090.9090909091,
						0,
						0,
						"Hurt Note"
					],
					[
						89454.5454545455,
						3,
						0,
						"Hurt Note"
					],
					[
						89454.5454545455,
						0,
						0,
						"Hurt Note"
					],
					[
						89818.1818181819,
						1,
						0,
						"Hurt Note"
					],
					[
						89818.1818181819,
						3,
						0,
						"Hurt Note"
					],
					[
						90000.0000000001,
						2,
						0,
						"Hurt Note"
					],
					[
						90000.0000000001,
						1,
						0,
						"Hurt Note"
					]
				],
				"mustHitSection": true
			},
			{
				"lengthInSteps": 16,
				"sectionNotes": [
					[
						90363.63,
						0,
						0
					],
					[
						90545.45,
						2,
						181.818176
					],
					[
						90909.09,
						3,
						0
					],
					[
						91090.91,
						3,
						0
					],
					[
						91272.73,
						1,
						272.727264
					],
					[
						90363.6363636364,
						1,
						0,
						"Hurt Note"
					],
					[
						90454.5454545455,
						1,
						0,
						"Hurt Note"
					],
					[
						90454.5454545455,
						3,
						0,
						"Hurt Note"
					],
					[
						90909.090909091,
						1,
						0,
						"Hurt Note"
					],
					[
						90909.090909091,
						0,
						0,
						"Hurt Note"
					],
					[
						91000.0000000001,
						2,
						0,
						"Hurt Note"
					],
					[
						91272.7272727273,
						2,
						0,
						"Hurt Note"
					],
					[
						91363.6363636364,
						0,
						0,
						"Hurt Note"
					],
					[
						91454.5454545455,
						2,
						0,
						"Hurt Note"
					]
				],
				"mustHitSection": true
			},
			{
				"lengthInSteps": 16,
				"sectionNotes": [
					[
						91636.36,
						0,
						272.727264
					],
					[
						92000,
						1,
						0
					],
					[
						92545.45,
						1,
						0
					],
					[
						92727.27,
						2,
						0
					],
					[
						91636.3636363637,
						2,
						0,
						"Hurt Note"
					],
					[
						91727.2727272728,
						3,
						0,
						"Hurt Note"
					],
					[
						91818.1818181819,
						2,
						0,
						"Hurt Note"
					],
					[
						92090.9090909091,
						3,
						0,
						"Hurt Note"
					],
					[
						92090.9090909091,
						2,
						0,
						"Hurt Note"
					],
					[
						92090.9090909091,
						0,
						0,
						"Hurt Note"
					],
					[
						92636.3636363637,
						0,
						0,
						"Hurt Note"
					],
					[
						92909.090909091,
						3,
						0
					],
					[
						92909.090909091,
						2,
						0,
						"Hurt Note"
					],
					[
						92818.1818181819,
						1,
						0,
						"Hurt Note"
					],
					[
						92909.090909091,
						0,
						0,
						"Hurt Note"
					],
					[
						92454.5454545455,
						0,
						0,
						"Hurt Note"
					],
					[
						92454.5454545455,
						2,
						0,
						"Hurt Note"
					],
					[
						92727.2727272728,
						3,
						0,
						"Hurt Note"
					],
					[
						93000.0000000001,
						0,
						0,
						"Hurt Note"
					],
					[
						93000.0000000001,
						1,
						0,
						"Hurt Note"
					],
					[
						93000.0000000001,
						5,
						0,
						"Hurt Note"
					],
					[
						92909.090909091,
						6,
						0,
						"Hurt Note"
					],
					[
						92818.1818181819,
						6,
						0,
						"Hurt Note"
					],
					[
						92636.3636363637,
						5,
						0,
						"Hurt Note"
					],
					[
						92545.4545454546,
						5,
						0,
						"Hurt Note"
					],
					[
						92454.5454545455,
						6,
						0,
						"Hurt Note"
					],
					[
						92363.6363636364,
						4,
						0,
						"Hurt Note"
					],
					[
						92636.3636363637,
						4,
						0,
						"Hurt Note"
					],
					[
						92818.1818181819,
						4,
						0,
						"Hurt Note"
					],
					[
						92727.2727272728,
						6,
						0,
						"Hurt Note"
					],
					[
						92545.4545454546,
						7,
						0,
						"Hurt Note"
					],
					[
						92727.2727272728,
						7,
						0,
						"Hurt Note"
					],
					[
						92818.1818181819,
						7,
						0,
						"Hurt Note"
					],
					[
						92363.6363636364,
						3,
						90.9090909090909
					]
				],
				"mustHitSection": true
			},
			{
				"lengthInSteps": 16,
				"sectionNotes": [
					[
						93090.9090909091,
						5,
						0,
						"Hurt Note"
					],
					[
						93181.8181818182,
						5,
						0,
						"Hurt Note"
					],
					[
						93272.7272727273,
						6,
						227.272727272727,
						"Hurt Note"
					],
					[
						93636.3636363637,
						5,
						0,
						"Hurt Note"
					],
					[
						93727.2727272728,
						6,
						363.636363636364,
						"Hurt Note"
					],
					[
						94181.8181818182,
						5,
						0,
						"Hurt Note"
					],
					[
						94363.6363636364,
						4,
						318.181818181818,
						"Hurt Note"
					]
				],
				"mustHitSection": true
			},
			{
				"lengthInSteps": 16,
				"sectionNotes": [
					[
						94818.1818181819,
						5,
						0,
						"Hurt Note"
					],
					[
						94909.090909091,
						6,
						0,
						"Hurt Note"
					],
					[
						95090.9090909091,
						6,
						0,
						"Hurt Note"
					],
					[
						95272.7272727273,
						7,
						0,
						"Hurt Note"
					],
					[
						95363.6363636364,
						7,
						0,
						"Hurt Note"
					],
					[
						95454.5454545455,
						7,
						0,
						"Hurt Note"
					],
					[
						95545.4545454546,
						7,
						0,
						"Hurt Note"
					],
					[
						95636.3636363637,
						5,
						0,
						"Hurt Note"
					],
					[
						95818.1818181819,
						5,
						0,
						"Hurt Note"
					]
				],
				"mustHitSection": true
			},
			{
				"lengthInSteps": 16,
				"sectionNotes": [
					[
						96000.0000000001,
						5,
						0,
						"Hurt Note"
					],
					[
						96090.9090909091,
						5,
						0,
						"Hurt Note"
					],
					[
						96181.8181818182,
						6,
						0,
						"Hurt Note"
					],
					[
						96363.6363636364,
						6,
						0,
						"Hurt Note"
					],
					[
						96272.7272727273,
						6,
						0,
						"Hurt Note"
					],
					[
						96454.5454545455,
						6,
						0,
						"Hurt Note"
					],
					[
						96545.4545454546,
						5,
						0,
						"Hurt Note"
					],
					[
						96636.3636363637,
						4,
						0,
						"Hurt Note"
					],
					[
						96636.3636363637,
						5,
						0,
						"Hurt Note"
					],
					[
						96727.2727272728,
						5,
						0,
						"Hurt Note"
					],
					[
						96818.1818181819,
						6,
						0,
						"Hurt Note"
					],
					[
						96909.090909091,
						7,
						0,
						"Hurt Note"
					],
					[
						96909.090909091,
						6,
						0,
						"Hurt Note"
					],
					[
						97090.9090909091,
						6,
						0,
						"Hurt Note"
					],
					[
						97090.9090909091,
						5,
						0,
						"Hurt Note"
					],
					[
						97181.8181818182,
						5,
						0,
						"Hurt Note"
					],
					[
						97272.7272727273,
						6,
						0,
						"Hurt Note"
					],
					[
						97363.6363636364,
						4,
						0,
						"Hurt Note"
					]
				],
				"mustHitSection": true
			},
			{
				"lengthInSteps": 16,
				"sectionNotes": [
					[
						97454.5454545455,
						5,
						0,
						"Hurt Note"
					],
					[
						97545.4545454546,
						6,
						0,
						"Hurt Note"
					],
					[
						97636.3636363637,
						7,
						0,
						"Hurt Note"
					],
					[
						97727.2727272728,
						6,
						0,
						"Hurt Note"
					],
					[
						97818.1818181819,
						5,
						0,
						"Hurt Note"
					],
					[
						97909.090909091,
						6,
						0,
						"Hurt Note"
					],
					[
						98000.0000000001,
						6,
						0,
						"Hurt Note"
					],
					[
						98090.9090909091,
						7,
						0,
						"Hurt Note"
					],
					[
						98181.8181818182,
						7,
						0,
						"Hurt Note"
					],
					[
						98272.7272727273,
						7,
						0,
						"Hurt Note"
					],
					[
						98363.6363636364,
						7,
						0,
						"Hurt Note"
					],
					[
						98363.6363636364,
						4,
						0,
						"Hurt Note"
					],
					[
						98454.5454545455,
						4,
						0,
						"Hurt Note"
					],
					[
						98545.4545454546,
						4,
						0,
						"Hurt Note"
					],
					[
						98636.3636363637,
						4,
						0,
						"Hurt Note"
					],
					[
						98727.2727272728,
						5,
						0,
						"Hurt Note"
					],
					[
						98818.1818181819,
						5,
						0,
						"Hurt Note"
					]
				],
				"mustHitSection": true
			},
			{
				"lengthInSteps": 16,
				"sectionNotes": [
					[
						98909.090909091,
						5,
						0,
						"Hurt Note"
					],
					[
						99000.0000000001,
						5,
						0,
						"Hurt Note"
					],
					[
						99090.9090909091,
						6,
						0,
						"Hurt Note"
					],
					[
						99181.8181818182,
						6,
						0,
						"Hurt Note"
					],
					[
						99272.7272727273,
						6,
						0,
						"Hurt Note"
					],
					[
						99363.6363636364,
						6,
						0,
						"Hurt Note"
					],
					[
						99454.5454545455,
						4,
						0,
						"Hurt Note"
					],
					[
						99545.4545454546,
						4,
						0,
						"Hurt Note"
					],
					[
						99636.3636363637,
						6,
						0,
						"Hurt Note"
					],
					[
						99727.2727272728,
						6,
						0,
						"Hurt Note"
					],
					[
						99818.1818181819,
						6,
						0,
						"Hurt Note"
					],
					[
						99909.090909091,
						6,
						0,
						"Hurt Note"
					],
					[
						100000,
						7,
						0,
						"Hurt Note"
					],
					[
						100090.909090909,
						7,
						0,
						"Hurt Note"
					],
					[
						100181.818181818,
						5,
						0,
						"Hurt Note"
					],
					[
						100272.727272727,
						5,
						0,
						"Hurt Note"
					]
				],
				"mustHitSection": true
			},
			{
				"lengthInSteps": 16,
				"sectionNotes": [
					[
						100363.636363636,
						5,
						0,
						"Hurt Note"
					],
					[
						100454.545454546,
						5,
						0,
						"Hurt Note"
					],
					[
						100545.454545455,
						5,
						0,
						"Hurt Note"
					],
					[
						100636.363636364,
						5,
						0,
						"Hurt Note"
					],
					[
						100727.272727273,
						7,
						0,
						"Hurt Note"
					],
					[
						100818.181818182,
						6,
						0,
						"Hurt Note"
					],
					[
						100909.090909091,
						5,
						0,
						"Hurt Note"
					],
					[
						101000,
						4,
						0,
						"Hurt Note"
					],
					[
						101090.909090909,
						5,
						0,
						"Hurt Note"
					],
					[
						101181.818181818,
						6,
						0,
						"Hurt Note"
					],
					[
						101272.727272727,
						7,
						0,
						"Hurt Note"
					],
					[
						101363.636363636,
						6,
						0,
						"Hurt Note"
					],
					[
						101454.545454546,
						5,
						0,
						"Hurt Note"
					],
					[
						101545.454545455,
						4,
						0,
						"Hurt Note"
					],
					[
						101636.363636364,
						4,
						0,
						"Hurt Note"
					],
					[
						101727.272727273,
						4,
						0,
						"Hurt Note"
					],
					[
						101636.363636364,
						7,
						0,
						"Hurt Note"
					]
				],
				"mustHitSection": true
			},
			{
				"lengthInSteps": 16,
				"sectionNotes": [
					[
						101818.181818182,
						5,
						0,
						"Hurt Note"
					],
					[
						101909.090909091,
						5,
						0,
						"Hurt Note"
					],
					[
						102000,
						6,
						0,
						"Hurt Note"
					],
					[
						102090.909090909,
						6,
						0,
						"Hurt Note"
					],
					[
						102181.818181818,
						6,
						0,
						"Hurt Note"
					],
					[
						102272.727272727,
						6,
						0,
						"Hurt Note"
					],
					[
						102363.636363636,
						7,
						0,
						"Hurt Note"
					],
					[
						102454.545454546,
						4,
						0,
						"Hurt Note"
					],
					[
						102545.454545455,
						4,
						0,
						"Hurt Note"
					],
					[
						102636.363636364,
						4,
						0,
						"Hurt Note"
					],
					[
						102727.272727273,
						6,
						0,
						"Hurt Note"
					],
					[
						102818.181818182,
						6,
						0,
						"Hurt Note"
					],
					[
						102909.090909091,
						5,
						0,
						"Hurt Note"
					],
					[
						102909.090909091,
						4,
						0,
						"Hurt Note"
					],
					[
						103000,
						6,
						0,
						"Hurt Note"
					],
					[
						102909.090909091,
						7,
						0,
						"Hurt Note"
					],
					[
						102636.363636364,
						7,
						0,
						"Hurt Note"
					],
					[
						102545.454545455,
						6,
						0,
						"Hurt Note"
					],
					[
						103090.909090909,
						5,
						0,
						"Hurt Note"
					],
					[
						103181.818181818,
						5,
						0,
						"Hurt Note"
					],
					[
						103181.818181818,
						6,
						0,
						"Hurt Note"
					],
					[
						103090.909090909,
						7,
						0,
						"Hurt Note"
					],
					[
						103181.818181818,
						7,
						0,
						"Hurt Note"
					]
				],
				"mustHitSection": true
			},
			{
				"lengthInSteps": 16,
				"sectionNotes": [
					[
						103363.636363636,
						5,
						0,
						"Hurt Note"
					],
					[
						103545.454545455,
						4,
						0,
						"Hurt Note"
					],
					[
						103636.363636364,
						4,
						0,
						"Hurt Note"
					],
					[
						103818.181818182,
						6,
						0,
						"Hurt Note"
					],
					[
						103909.090909091,
						6,
						0,
						"Hurt Note"
					],
					[
						104000,
						6,
						0,
						"Hurt Note"
					],
					[
						104000,
						4,
						0,
						"Hurt Note"
					],
					[
						103818.181818182,
						5,
						0,
						"Hurt Note"
					],
					[
						103636.363636364,
						6,
						0,
						"Hurt Note"
					],
					[
						103454.545454546,
						6,
						0,
						"Hurt Note"
					],
					[
						103363.636363636,
						6,
						0,
						"Hurt Note"
					],
					[
						103363.636363636,
						7,
						0,
						"Hurt Note"
					],
					[
						103454.545454546,
						7,
						0,
						"Hurt Note"
					],
					[
						103272.727272727,
						5,
						0,
						"Hurt Note"
					],
					[
						104181.818181818,
						5,
						0,
						"Hurt Note"
					],
					[
						104363.636363636,
						5,
						0,
						"Hurt Note"
					],
					[
						104545.454545455,
						5,
						0,
						"Hurt Note"
					]
				],
				"mustHitSection": true
			},
			{
				"lengthInSteps": 16,
				"sectionNotes": [
					[
						104818.181818182,
						5,
						0,
						"Hurt Note"
					],
					[
						105272.727272727,
						5,
						454.545454545454,
						"Hurt Note"
					],
					[
						105363.636363636,
						6,
						181.818181818182,
						"Hurt Note"
					],
					[
						105454.545454546,
						4,
						409.090909090909,
						"Hurt Note"
					],
					[
						105545.454545455,
						7,
						90.9090909090909,
						"Hurt Note"
					],
					[
						105181.818181818,
						7,
						181.818181818182,
						"Hurt Note"
					],
					[
						105181.818181818,
						4,
						136.363636363636,
						"Hurt Note"
					],
					[
						105090.909090909,
						6,
						136.363636363636,
						"Hurt Note"
					],
					[
						105818.181818182,
						5,
						454.545454545454,
						"Hurt Note"
					]
				],
				"mustHitSection": true
			},
			{
				"lengthInSteps": 16,
				"sectionNotes": [],
				"mustHitSection": true
			},
			{
				"sectionNotes": [],
				"typeOfSection": 0,
				"lengthInSteps": 16,
				"altAnim": false,
				"mustHitSection": true,
				"changeBPM": false,
				"bpm": 165
			},
			{
				"lengthInSteps": 16,
				"typeOfSection": 0,
				"sectionNotes": [],
				"altAnim": false,
				"bpm": 165,
				"changeBPM": false,
				"mustHitSection": true
			},
			{
				"lengthInSteps": 16,
				"typeOfSection": 0,
				"sectionNotes": [],
				"altAnim": false,
				"bpm": 165,
				"changeBPM": false,
				"mustHitSection": true
			},
			{
				"lengthInSteps": 16,
				"typeOfSection": 0,
				"sectionNotes": [],
				"altAnim": false,
				"bpm": 165,
				"changeBPM": false,
				"mustHitSection": true
			},
			{
				"lengthInSteps": 16,
				"typeOfSection": 0,
				"sectionNotes": [],
				"altAnim": false,
				"bpm": 165,
				"changeBPM": false,
				"mustHitSection": true
			},
			{
				"lengthInSteps": 16,
				"typeOfSection": 0,
				"sectionNotes": [],
				"altAnim": false,
				"bpm": 165,
				"changeBPM": false,
				"mustHitSection": true
			},
			{
				"lengthInSteps": 16,
				"typeOfSection": 0,
				"sectionNotes": [],
				"altAnim": false,
				"bpm": 165,
				"changeBPM": false,
				"mustHitSection": true
			},
			{
				"lengthInSteps": 16,
				"typeOfSection": 0,
				"sectionNotes": [],
				"altAnim": false,
				"bpm": 165,
				"changeBPM": false,
				"mustHitSection": true
			},
			{
				"sectionNotes": [],
				"typeOfSection": 0,
				"lengthInSteps": 16,
				"altAnim": false,
				"mustHitSection": true,
				"changeBPM": false,
				"bpm": 165
			},
			{
				"lengthInSteps": 16,
				"typeOfSection": 0,
				"sectionNotes": [],
				"altAnim": false,
				"bpm": 165,
				"changeBPM": false,
				"mustHitSection": true
			},
			{
				"sectionNotes": [],
				"typeOfSection": 0,
				"lengthInSteps": 16,
				"altAnim": false,
				"mustHitSection": true,
				"changeBPM": false,
				"bpm": 165
			},
			{
				"lengthInSteps": 16,
				"typeOfSection": 0,
				"sectionNotes": [],
				"altAnim": false,
				"bpm": 165,
				"changeBPM": false,
				"mustHitSection": true
			},
			{
				"sectionNotes": [],
				"typeOfSection": 0,
				"lengthInSteps": 16,
				"altAnim": false,
				"mustHitSection": true,
				"changeBPM": false,
				"bpm": 165
			},
			{
				"sectionNotes": [],
				"typeOfSection": 0,
				"lengthInSteps": 16,
				"altAnim": false,
				"mustHitSection": true,
				"changeBPM": false,
				"bpm": 165
			},
			{
				"sectionNotes": [],
				"typeOfSection": 0,
				"lengthInSteps": 16,
				"altAnim": false,
				"mustHitSection": true,
				"changeBPM": false,
				"bpm": 165
			},
			{
				"sectionNotes": [],
				"typeOfSection": 0,
				"lengthInSteps": 16,
				"altAnim": false,
				"mustHitSection": true,
				"changeBPM": false,
				"bpm": 165
			},
			{
				"lengthInSteps": 16,
				"typeOfSection": 0,
				"sectionNotes": [],
				"altAnim": false,
				"bpm": 165,
				"changeBPM": false,
				"mustHitSection": true
			},
			{
				"lengthInSteps": 16,
				"typeOfSection": 0,
				"sectionNotes": [],
				"altAnim": false,
				"bpm": 165,
				"changeBPM": false,
				"mustHitSection": true
			},
			{
				"sectionNotes": [],
				"typeOfSection": 0,
				"lengthInSteps": 16,
				"altAnim": false,
				"mustHitSection": true,
				"changeBPM": false,
				"bpm": 165
			},
			{
				"sectionNotes": [],
				"typeOfSection": 0,
				"lengthInSteps": 16,
				"altAnim": false,
				"mustHitSection": true,
				"changeBPM": false,
				"bpm": 165
			},
			{
				"lengthInSteps": 16,
				"altAnim": false,
				"typeOfSection": 0,
				"sectionNotes": [],
				"bpm": 165,
				"changeBPM": false,
				"mustHitSection": true
			}
		],
		"player3": "gf",
		"song": "un-masked",
		"stage": "exampleStage",
		"needsVoices": true,
		"validScore": true,
		"speed": 2.2,
		"bpm": 165
	}
}