{
	"dialogue": [
		{
			"speed": 0.05,
			"portrait": "bf",
			"boxState": "normal",
			"expression": "shocked",
			"text": "ba beep?"
		},
		{
			"speed": 0.06,
			"portrait": "axys",
			"boxState": "normal",
			"expression": "shocked",
			"text": "oh yeah i'm fine..."
		},
		{
			"speed": 0.35,
			"portrait": "axys",
			"boxState": "normal",
			"expression": "talk",
			"text": "..."
		},
		{
			"speed": 0.06,
			"portrait": "axys",
			"boxState": "normal",
			"expression": "talk",
			"text": "sorry for what happened, i just don't feel comfortable when people see my face..."
		},
		{
			"speed": 0.05,
			"portrait": "bf",
			"boxState": "normal",
			"expression": "talk",
			"text": "yap beep po bado skeed"
		},
		{
			"speed": 0.05,
			"portrait": "bf",
			"boxState": "normal",
			"expression": "pissed",
			"text": "bado skeed pa bodo spood?"
		},
		{
			"speed": 0.06,
			"portrait": "axys",
			"boxState": "normal",
			"expression": "excited",
			"text": "a 3rd song?"
		},
		{
			"speed": 0.06,
			"portrait": "axys",
			"boxState": "normal",
			"expression": "shocked",
			"text": "is it necessary to always have 3 songs?"
		},
		{
			"speed": 0.05,
			"portrait": "bf",
			"boxState": "normal",
			"expression": "talk",
			"text": "bep"
		},
		{
			"speed": 0.05,
			"portrait": "bf",
			"boxState": "normal",
			"expression": "talk",
			"text": "skep bav dopa sapse blap pobb sha doske bopebopa skraas bapo"
		},
		{
			"speed": 0.06,
			"portrait": "axys",
			"boxState": "normal",
			"expression": "talk",
			"text": "makes sense."
		}
	]
}