<?xml version='1.0' encoding='utf-8'?>
<TextureAtlas imagePath="Menu_axys.png"><SubTexture name="Menu_axys Idle0000" x="0" y="0" width="194" height="447" frameX="0" frameY="0" frameWidth="194" frameHeight="447" />
<SubTexture name="Menu_axys Idle0001" x="194" y="0" width="194" height="447" frameX="0" frameY="0" frameWidth="194" frameHeight="447" />
<SubTexture name="Menu_axys Idle0002" x="388" y="0" width="194" height="447" frameX="0" frameY="0" frameWidth="194" frameHeight="447" />
<SubTexture name="Menu_axys Idle0003" x="0" y="447" width="194" height="447" frameX="0" frameY="0" frameWidth="194" frameHeight="447" />
<SubTexture name="Menu_axys Idle0004" x="194" y="447" width="194" height="447" frameX="0" frameY="0" frameWidth="194" frameHeight="447" />
<SubTexture name="Menu_axys Idle0005" x="388" y="447" width="194" height="447" frameX="0" frameY="0" frameWidth="194" frameHeight="447" />
<SubTexture name="Menu_axys Idle0006" x="0" y="894" width="194" height="447" frameX="0" frameY="0" frameWidth="194" frameHeight="447" />
<SubTexture name="Menu_axys Idle0007" x="194" y="894" width="194" height="447" frameX="0" frameY="0" frameWidth="194" frameHeight="447" />
<SubTexture name="Menu_axys Idle0008" x="388" y="894" width="194" height="447" frameX="0" frameY="0" frameWidth="194" frameHeight="447" />
<SubTexture name="Menu_axys Idle0009" x="0" y="1341" width="194" height="447" frameX="0" frameY="0" frameWidth="194" frameHeight="447" />
<SubTexture name="Menu_axys Idle0010" x="194" y="1341" width="194" height="447" frameX="0" frameY="0" frameWidth="194" frameHeight="447" />
<SubTexture name="Menu_axys Idle0011" x="388" y="1341" width="194" height="447" frameX="0" frameY="0" frameWidth="194" frameHeight="447" />
<SubTexture name="Menu_axys Idle0012" x="0" y="1788" width="194" height="447" frameX="0" frameY="0" frameWidth="194" frameHeight="447" />
</TextureAtlas>
