{
	"animations": [
		{
			"offsets": [
				-70,
				-243
			],
			"loop": false,
			"fps": 24,
			"anim": "singLEFT",
			"indices": [],
			"name": "angry_axys Left"
		},
		{
			"offsets": [
				-290,
				-180
			],
			"loop": false,
			"fps": 24,
			"anim": "singDOWN",
			"indices": [],
			"name": "angry_axys normal down"
		},
		{
			"offsets": [
				-286,
				-179
			],
			"loop": false,
			"fps": 24,
			"anim": "singUP",
			"indices": [],
			"name": "angry_axys normal up"
		},
		{
			"offsets": [
				-160,
				-120
			],
			"loop": false,
			"fps": 24,
			"anim": "singUP-alt",
			"indices": [],
			"name": "angry_axys altUp"
		},
		{
			"offsets": [
				-290,
				-130
			],
			"loop": false,
			"fps": 24,
			"anim": "singRIGHT",
			"indices": [],
			"name": "angry_axys normal right"
		},
		{
			"offsets": [
				-250,
				-240
			],
			"loop": false,
			"fps": 24,
			"anim": "singRIGHT-alt",
			"indices": [],
			"name": "angry_axys altRight"
		},
		{
			"offsets": [
				-300,
				-350
			],
			"loop": false,
			"fps": 24,
			"anim": "singDOWN-alt",
			"indices": [],
			"name": "angry_axys altDown"
		},
		{
			"offsets": [
				-270,
				-180
			],
			"indices": [],
			"fps": 24,
			"anim": "idle",
			"loop": true,
			"name": "angry_axys Idle"
		}
	],
	"no_antialiasing": false,
	"image": "characters/angry_axys",
	"position": [
		0,
		40
	],
	"healthicon": "angry_axys",
	"flip_x": false,
	"healthbar_colors": [
		40,
		40,
		60
	],
	"camera_position": [
		300,
		180
	],
	"sing_duration": 4,
	"scale": 1.7
}