{
	"animations": [
		{
			"offsets": [
				-200,
				-210
			],
			"loop": true,
			"fps": 24,
			"anim": "idle",
			"indices": [],
			"name": "Axys Ide"
		},
		{
			"offsets": [
				-120,
				-213
			],
			"loop": false,
			"fps": 24,
			"anim": "singLEFT",
			"indices": [],
			"name": "Axys Left"
		},
		{
			"offsets": [
				-186,
				-234
			],
			"loop": false,
			"fps": 24,
			"anim": "singRIGHT",
			"indices": [],
			"name": "Axys Right"
		},
		{
			"offsets": [
				-120,
				-300
			],
			"loop": false,
			"fps": 24,
			"anim": "singDOWN",
			"indices": [],
			"name": "Axys Down"
		},
		{
			"offsets": [
				-106,
				-174
			],
			"loop": false,
			"fps": 24,
			"anim": "singUP",
			"indices": [],
			"name": "Axys Up"
		}
	],
	"no_antialiasing": false,
	"image": "characters/Axys",
	"position": [
		0,
		0
	],
	"healthicon": "axys",
	"flip_x": false,
	"healthbar_colors": [
		235,
		255,
		255
	],
	"camera_position": [
		60,
		260
	],
	"sing_duration": 4,
	"scale": 1.4
}