<?xml version='1.0' encoding='utf-8'?>
<TextureAtlas imagePath="angry_axys.png"><SubTexture name="angry_axys normal down0000" x="0" y="0" width="262" height="391" frameX="0" frameY="0" frameWidth="262" frameHeight="391" />
<SubTexture name="angry_axys normal down0001" x="262" y="0" width="262" height="391" frameX="0" frameY="0" frameWidth="262" frameHeight="391" />
<SubTexture name="angry_axys normal down0002" x="524" y="0" width="262" height="391" frameX="0" frameY="0" frameWidth="262" frameHeight="391" />
<SubTexture name="angry_axys normal down0003" x="786" y="0" width="262" height="391" frameX="0" frameY="0" frameWidth="262" frameHeight="391" />
<SubTexture name="angry_axys normal down0004" x="1048" y="0" width="262" height="391" frameX="0" frameY="0" frameWidth="262" frameHeight="391" />
<SubTexture name="angry_axys normal down0005" x="1310" y="0" width="262" height="391" frameX="0" frameY="0" frameWidth="262" frameHeight="391" />
<SubTexture name="angry_axys normal down0006" x="1572" y="0" width="262" height="391" frameX="0" frameY="0" frameWidth="262" frameHeight="391" />
<SubTexture name="angry_axys normal down0007" x="1834" y="0" width="262" height="391" frameX="0" frameY="0" frameWidth="262" frameHeight="391" />
<SubTexture name="angry_axys normal down0008" x="0" y="391" width="262" height="391" frameX="0" frameY="0" frameWidth="262" frameHeight="391" />
<SubTexture name="angry_axys altDown0000" x="262" y="391" width="336" height="293" frameX="0" frameY="0" frameWidth="336" frameHeight="293" />
<SubTexture name="angry_axys altDown0001" x="598" y="391" width="336" height="293" frameX="0" frameY="0" frameWidth="336" frameHeight="293" />
<SubTexture name="angry_axys altDown0002" x="934" y="391" width="336" height="293" frameX="0" frameY="0" frameWidth="336" frameHeight="293" />
<SubTexture name="angry_axys altDown0003" x="1270" y="391" width="336" height="293" frameX="0" frameY="0" frameWidth="336" frameHeight="293" />
<SubTexture name="angry_axys altDown0004" x="1606" y="391" width="336" height="293" frameX="0" frameY="0" frameWidth="336" frameHeight="293" />
<SubTexture name="angry_axys altDown0005" x="1942" y="391" width="336" height="293" frameX="0" frameY="0" frameWidth="336" frameHeight="293" />
<SubTexture name="angry_axys altDown0006" x="2278" y="391" width="336" height="293" frameX="0" frameY="0" frameWidth="336" frameHeight="293" />
<SubTexture name="angry_axys altDown0007" x="0" y="782" width="336" height="293" frameX="0" frameY="0" frameWidth="336" frameHeight="293" />
<SubTexture name="angry_axys Idle0000" x="336" y="782" width="213" height="398" frameX="0" frameY="0" frameWidth="213" frameHeight="398" />
<SubTexture name="angry_axys Idle0001" x="549" y="782" width="213" height="398" frameX="0" frameY="0" frameWidth="213" frameHeight="398" />
<SubTexture name="angry_axys Idle0002" x="762" y="782" width="213" height="398" frameX="0" frameY="0" frameWidth="213" frameHeight="398" />
<SubTexture name="angry_axys Idle0003" x="975" y="782" width="213" height="398" frameX="0" frameY="0" frameWidth="213" frameHeight="398" />
<SubTexture name="angry_axys Idle0004" x="1188" y="782" width="213" height="398" frameX="0" frameY="0" frameWidth="213" frameHeight="398" />
<SubTexture name="angry_axys Idle0005" x="1401" y="782" width="213" height="398" frameX="0" frameY="0" frameWidth="213" frameHeight="398" />
<SubTexture name="angry_axys Idle0006" x="1614" y="782" width="213" height="398" frameX="0" frameY="0" frameWidth="213" frameHeight="398" />
<SubTexture name="angry_axys Idle0007" x="0" y="1180" width="213" height="398" frameX="0" frameY="0" frameWidth="213" frameHeight="398" />
<SubTexture name="angry_axys Idle0008" x="213" y="1180" width="213" height="398" frameX="0" frameY="0" frameWidth="213" frameHeight="398" />
<SubTexture name="angry_axys Idle0009" x="426" y="1180" width="213" height="398" frameX="0" frameY="0" frameWidth="213" frameHeight="398" />
<SubTexture name="angry_axys Idle0010" x="639" y="1180" width="213" height="398" frameX="0" frameY="0" frameWidth="213" frameHeight="398" />
<SubTexture name="angry_axys Left0000" x="852" y="1180" width="270" height="362" frameX="0" frameY="0" frameWidth="270" frameHeight="362" />
<SubTexture name="angry_axys Left0001" x="1122" y="1180" width="270" height="362" frameX="0" frameY="0" frameWidth="270" frameHeight="362" />
<SubTexture name="angry_axys Left0002" x="1392" y="1180" width="270" height="362" frameX="0" frameY="0" frameWidth="270" frameHeight="362" />
<SubTexture name="angry_axys Left0003" x="1662" y="1180" width="270" height="362" frameX="0" frameY="0" frameWidth="270" frameHeight="362" />
<SubTexture name="angry_axys Left0004" x="0" y="1578" width="270" height="362" frameX="0" frameY="0" frameWidth="270" frameHeight="362" />
<SubTexture name="angry_axys Left0005" x="270" y="1578" width="270" height="362" frameX="0" frameY="0" frameWidth="270" frameHeight="362" />
<SubTexture name="angry_axys Left0006" x="540" y="1578" width="270" height="362" frameX="0" frameY="0" frameWidth="270" frameHeight="362" />
<SubTexture name="angry_axys Left0007" x="810" y="1578" width="270" height="362" frameX="0" frameY="0" frameWidth="270" frameHeight="362" />
<SubTexture name="angry_axys Left0008" x="1080" y="1578" width="270" height="362" frameX="0" frameY="0" frameWidth="270" frameHeight="362" />
<SubTexture name="angry_axys Left0009" x="1350" y="1578" width="270" height="362" frameX="0" frameY="0" frameWidth="270" frameHeight="362" />
<SubTexture name="angry_axys normal right0000" x="1620" y="1578" width="154" height="425" frameX="0" frameY="0" frameWidth="154" frameHeight="425" />
<SubTexture name="angry_axys normal right0001" x="1774" y="1578" width="154" height="425" frameX="0" frameY="0" frameWidth="154" frameHeight="425" />
<SubTexture name="angry_axys normal right0002" x="0" y="2003" width="154" height="425" frameX="0" frameY="0" frameWidth="154" frameHeight="425" />
<SubTexture name="angry_axys normal right0003" x="154" y="2003" width="154" height="425" frameX="0" frameY="0" frameWidth="154" frameHeight="425" />
<SubTexture name="angry_axys normal right0004" x="308" y="2003" width="154" height="425" frameX="0" frameY="0" frameWidth="154" frameHeight="425" />
<SubTexture name="angry_axys normal right0005" x="462" y="2003" width="154" height="425" frameX="0" frameY="0" frameWidth="154" frameHeight="425" />
<SubTexture name="angry_axys normal right0006" x="616" y="2003" width="154" height="425" frameX="0" frameY="0" frameWidth="154" frameHeight="425" />
<SubTexture name="angry_axys normal right0007" x="770" y="2003" width="154" height="425" frameX="0" frameY="0" frameWidth="154" frameHeight="425" />
<SubTexture name="angry_axys normal right0008" x="924" y="2003" width="154" height="425" frameX="0" frameY="0" frameWidth="154" frameHeight="425" />
<SubTexture name="angry_axys normal right0009" x="1078" y="2003" width="154" height="425" frameX="0" frameY="0" frameWidth="154" frameHeight="425" />
<SubTexture name="angry_axys altRight0000" x="0" y="2428" width="354" height="353" frameX="0" frameY="0" frameWidth="354" frameHeight="353" />
<SubTexture name="angry_axys altRight0001" x="354" y="2428" width="354" height="353" frameX="0" frameY="0" frameWidth="354" frameHeight="353" />
<SubTexture name="angry_axys altRight0002" x="708" y="2428" width="354" height="353" frameX="0" frameY="0" frameWidth="354" frameHeight="353" />
<SubTexture name="angry_axys altRight0003" x="1062" y="2428" width="354" height="353" frameX="0" frameY="0" frameWidth="354" frameHeight="353" />
<SubTexture name="angry_axys altRight0004" x="1416" y="2428" width="354" height="353" frameX="0" frameY="0" frameWidth="354" frameHeight="353" />
<SubTexture name="angry_axys altRight0005" x="1770" y="2428" width="354" height="353" frameX="0" frameY="0" frameWidth="354" frameHeight="353" />
<SubTexture name="angry_axys altRight0006" x="2124" y="2428" width="354" height="353" frameX="0" frameY="0" frameWidth="354" frameHeight="353" />
<SubTexture name="angry_axys altRight0007" x="2478" y="2428" width="354" height="353" frameX="0" frameY="0" frameWidth="354" frameHeight="353" />
<SubTexture name="angry_axys altRight0008" x="0" y="2781" width="354" height="353" frameX="0" frameY="0" frameWidth="354" frameHeight="353" />
<SubTexture name="angry_axys altRight0009" x="354" y="2781" width="354" height="353" frameX="0" frameY="0" frameWidth="354" frameHeight="353" />
<SubTexture name="angry_axys altRight0010" x="708" y="2781" width="354" height="353" frameX="0" frameY="0" frameWidth="354" frameHeight="353" />
<SubTexture name="angry_axys normal up0000" x="1062" y="2781" width="178" height="395" frameX="0" frameY="0" frameWidth="178" frameHeight="395" />
<SubTexture name="angry_axys normal up0001" x="1240" y="2781" width="178" height="395" frameX="0" frameY="0" frameWidth="178" frameHeight="395" />
<SubTexture name="angry_axys normal up0002" x="1418" y="2781" width="178" height="395" frameX="0" frameY="0" frameWidth="178" frameHeight="395" />
<SubTexture name="angry_axys normal up0003" x="1596" y="2781" width="178" height="395" frameX="0" frameY="0" frameWidth="178" frameHeight="395" />
<SubTexture name="angry_axys normal up0004" x="1774" y="2781" width="178" height="395" frameX="0" frameY="0" frameWidth="178" frameHeight="395" />
<SubTexture name="angry_axys normal up0005" x="0" y="3176" width="178" height="395" frameX="0" frameY="0" frameWidth="178" frameHeight="395" />
<SubTexture name="angry_axys normal up0006" x="178" y="3176" width="178" height="395" frameX="0" frameY="0" frameWidth="178" frameHeight="395" />
<SubTexture name="angry_axys normal up0007" x="356" y="3176" width="178" height="395" frameX="0" frameY="0" frameWidth="178" frameHeight="395" />
<SubTexture name="angry_axys normal up0008" x="534" y="3176" width="178" height="395" frameX="0" frameY="0" frameWidth="178" frameHeight="395" />
<SubTexture name="angry_axys normal up0009" x="712" y="3176" width="178" height="395" frameX="0" frameY="0" frameWidth="178" frameHeight="395" />
<SubTexture name="angry_axys altUp0000" x="890" y="3176" width="259" height="422" frameX="0" frameY="0" frameWidth="259" frameHeight="422" />
<SubTexture name="angry_axys altUp0001" x="1149" y="3176" width="259" height="422" frameX="0" frameY="0" frameWidth="259" frameHeight="422" />
<SubTexture name="angry_axys altUp0002" x="1408" y="3176" width="259" height="422" frameX="0" frameY="0" frameWidth="259" frameHeight="422" />
<SubTexture name="angry_axys altUp0003" x="0" y="3598" width="259" height="422" frameX="0" frameY="0" frameWidth="259" frameHeight="422" />
<SubTexture name="angry_axys altUp0004" x="259" y="3598" width="259" height="422" frameX="0" frameY="0" frameWidth="259" frameHeight="422" />
<SubTexture name="angry_axys altUp0005" x="518" y="3598" width="259" height="422" frameX="0" frameY="0" frameWidth="259" frameHeight="422" />
<SubTexture name="angry_axys altUp0006" x="777" y="3598" width="259" height="422" frameX="0" frameY="0" frameWidth="259" frameHeight="422" />
<SubTexture name="angry_axys altUp0007" x="1036" y="3598" width="259" height="422" frameX="0" frameY="0" frameWidth="259" frameHeight="422" />
</TextureAtlas>
