<?xml version='1.0' encoding='utf-8'?>
<TextureAtlas imagePath="Axys.png"><SubTexture name="Axys Down0000" x="0" y="0" width="245" height="374" frameX="0" frameY="0" frameWidth="245" frameHeight="374" />
<SubTexture name="Axys Down0001" x="245" y="0" width="245" height="374" frameX="0" frameY="0" frameWidth="245" frameHeight="374" />
<SubTexture name="Axys Down0002" x="490" y="0" width="245" height="374" frameX="0" frameY="0" frameWidth="245" frameHeight="374" />
<SubTexture name="Axys Down0003" x="735" y="0" width="245" height="374" frameX="0" frameY="0" frameWidth="245" frameHeight="374" />
<SubTexture name="Axys Ide0000" x="980" y="0" width="193" height="448" frameX="0" frameY="0" frameWidth="193" frameHeight="448" />
<SubTexture name="Axys Ide0001" x="0" y="448" width="193" height="448" frameX="0" frameY="0" frameWidth="193" frameHeight="448" />
<SubTexture name="Axys Ide0002" x="193" y="448" width="193" height="448" frameX="0" frameY="0" frameWidth="193" frameHeight="448" />
<SubTexture name="Axys Ide0003" x="386" y="448" width="193" height="448" frameX="0" frameY="0" frameWidth="193" frameHeight="448" />
<SubTexture name="Axys Ide0004" x="579" y="448" width="193" height="448" frameX="0" frameY="0" frameWidth="193" frameHeight="448" />
<SubTexture name="Axys Ide0005" x="772" y="448" width="193" height="448" frameX="0" frameY="0" frameWidth="193" frameHeight="448" />
<SubTexture name="Axys Ide0006" x="0" y="896" width="193" height="448" frameX="0" frameY="0" frameWidth="193" frameHeight="448" />
<SubTexture name="Axys Ide0007" x="193" y="896" width="193" height="448" frameX="0" frameY="0" frameWidth="193" frameHeight="448" />
<SubTexture name="Axys Ide0008" x="193" y="896" width="193" height="448" frameX="0" frameY="0" frameWidth="193" frameHeight="448" />
<SubTexture name="Axys Ide0009" x="193" y="896" width="193" height="448" frameX="0" frameY="0" frameWidth="193" frameHeight="448" />
<SubTexture name="Axys Ide0010" x="193" y="896" width="193" height="448" frameX="0" frameY="0" frameWidth="193" frameHeight="448" />
<SubTexture name="Axys Ide0011" x="193" y="896" width="193" height="448" frameX="0" frameY="0" frameWidth="193" frameHeight="448" />
<SubTexture name="Axys Ide0012" x="193" y="896" width="193" height="448" frameX="0" frameY="0" frameWidth="193" frameHeight="448" />
<SubTexture name="Axys Ide0013" x="193" y="896" width="193" height="448" frameX="0" frameY="0" frameWidth="193" frameHeight="448" />
<SubTexture name="Axys Ide0014" x="193" y="896" width="193" height="448" frameX="0" frameY="0" frameWidth="193" frameHeight="448" />
<SubTexture name="Axys Ide0015" x="193" y="896" width="193" height="448" frameX="0" frameY="0" frameWidth="193" frameHeight="448" />
<SubTexture name="Axys Left0000" x="386" y="896" width="204" height="443" frameX="0" frameY="0" frameWidth="204" frameHeight="443" />
<SubTexture name="Axys Left0001" x="590" y="896" width="204" height="443" frameX="0" frameY="0" frameWidth="204" frameHeight="443" />
<SubTexture name="Axys Left0002" x="794" y="896" width="204" height="443" frameX="0" frameY="0" frameWidth="204" frameHeight="443" />
<SubTexture name="Axys Left0003" x="0" y="1344" width="204" height="443" frameX="0" frameY="0" frameWidth="204" frameHeight="443" />
<SubTexture name="Axys Right0000" x="204" y="1344" width="265" height="420" frameX="0" frameY="0" frameWidth="265" frameHeight="420" />
<SubTexture name="Axys Right0001" x="469" y="1344" width="265" height="420" frameX="0" frameY="0" frameWidth="265" frameHeight="420" />
<SubTexture name="Axys Right0002" x="734" y="1344" width="265" height="420" frameX="0" frameY="0" frameWidth="265" frameHeight="420" />
<SubTexture name="Axys Right0003" x="999" y="1344" width="265" height="420" frameX="0" frameY="0" frameWidth="265" frameHeight="420" />
<SubTexture name="Axys Right0004" x="0" y="1787" width="265" height="420" frameX="0" frameY="0" frameWidth="265" frameHeight="420" />
<SubTexture name="Axys Up0000" x="265" y="1787" width="270" height="471" frameX="0" frameY="0" frameWidth="270" frameHeight="471" />
<SubTexture name="Axys Up0001" x="535" y="1787" width="270" height="471" frameX="0" frameY="0" frameWidth="270" frameHeight="471" />
<SubTexture name="Axys Up0002" x="805" y="1787" width="270" height="471" frameX="0" frameY="0" frameWidth="270" frameHeight="471" />
<SubTexture name="Axys Up0003" x="1075" y="1787" width="270" height="471" frameX="0" frameY="0" frameWidth="270" frameHeight="471" />
</TextureAtlas>
